# Palo Verde, Costa Rica: leaf litter by month (Xu et al. 2016, New Phytol. 212:80; the Powers lab
# plots, Parque Nacional Palo Verde). The mean leaf-litter rate of each calendar month
# [g m-2 day-1, oven-dry], from about-monthly trap collections spread over the days they cover.
month,leaf_litter_g_m2_day
2008-01,3.138
2008-02,2.038
2008-03,1.6385
2008-04,1.1771
2008-05,0.9423
2008-06,0.9198
2008-07,0.6875
2008-08,0.812
2008-09,0.8418
2008-10,0.9793
2008-11,2.1404
2008-12,2.2196
2009-01,2.9771
2009-02,3.0714
2009-03,1.1629
2009-04,1.0241
2009-05,0.6737
2009-06,0.7768
2009-07,0.872
2009-08,0.8598
2009-09,0.8548
2009-10,0.8135
2009-11,1.5681
2009-12,3.7241
2010-01,4.2186
2010-02,2.0948
2010-03,1.2554
2010-04,1.0108
2010-05,0.7408
2010-06,0.4897
2010-07,0.4997
2010-08,0.6628
2010-09,1.0483
2010-10,1.4055
2010-11,1.6322
2010-12,2.4997
2011-01,3.2476
2011-02,2.8198
2011-03,1.7527
2011-04,1.2743
2011-05,0.9596
2011-06,0.6423
2011-07,0.6496
2011-08,0.76
2011-09,0.8058
2011-10,1.3236
2011-11,1.9761
2011-12,2.7581
2012-01,3.1977
2012-02,3.0081
2012-03,2.0848
2012-04,1.1422
2012-05,0.9084
2012-06,0.8387
2012-07,0.8075
2012-08,0.8175
2012-09,0.7939
2012-10,1.3774
2012-11,2.0842
2012-12,3.3806
2013-01,3.9732
2013-02,2.4279
2013-03,1.4869
2013-04,0.7989
2013-05,0.6388
2013-06,0.5803
2013-07,0.4368
2013-08,0.4537
2013-09,0.5773
2013-10,0.9614
2013-11,1.4396
