# Palo Verde (10.35, -85.35): a hypothetical canopy predawn leaf water potential [MPa], the daily maximum
# of each cohort's leaf water potential, weighted by the cohort's leaf area (LAI x patch area). From a
# MEDS run of the BCI 2010 1-ha census on ERA5-Land at Palo Verde (2007-2013, bare soil carbon spin-up,
# evergreen BCI traits, so no shed-to-water feedback); 2008-2013 kept.
date,predawn_leaf_psi
2008-01-01,-0.2769
2008-01-02,-0.2773
2008-01-03,-0.2859
2008-01-04,-0.2905
2008-01-05,-0.2909
2008-01-06,-0.2956
2008-01-07,-0.3109
2008-01-08,-0.3239
2008-01-09,-0.3481
2008-01-10,-0.3677
2008-01-11,-0.3916
2008-01-12,-0.4115
2008-01-13,-0.4255
2008-01-14,-0.4864
2008-01-15,-0.5912
2008-01-16,-0.6505
2008-01-17,-0.6553
2008-01-18,-0.6782
2008-01-19,-0.7813
2008-01-20,-0.8956
2008-01-21,-0.9461
2008-01-22,-0.9995
2008-01-23,-1.1017
2008-01-24,-1.2304
2008-01-25,-1.2942
2008-01-26,-1.3493
2008-01-27,-1.4824
2008-01-28,-1.6141
2008-01-29,-1.6527
2008-01-30,-1.7264
2008-01-31,-1.8131
2008-02-01,-1.9573
2008-02-02,-2.1158
2008-02-03,-2.1273
2008-02-04,-2.2143
2008-02-05,-2.2746
2008-02-06,-2.3532
2008-02-07,-2.4294
2008-02-08,-2.4686
2008-02-09,-2.5165
2008-02-10,-2.5735
2008-02-11,-2.6281
2008-02-12,-2.5997
2008-02-13,-2.6685
2008-02-14,-2.7027
2008-02-15,-2.7953
2008-02-16,-2.7912
2008-02-17,-2.8488
2008-02-18,-2.9443
2008-02-19,-1.7522
2008-02-20,-0.4765
2008-02-21,-0.5366
2008-02-22,-0.9491
2008-02-23,-1.5451
2008-02-24,-1.9261
2008-02-25,-2.4005
2008-02-26,-2.5686
2008-02-27,-2.574
2008-02-28,-2.7086
2008-02-29,-3.0205
2008-03-01,-2.975
2008-03-02,-2.9
2008-03-03,-2.9283
2008-03-04,-3.0271
2008-03-05,-3.0498
2008-03-06,-3.0202
2008-03-07,-3.055
2008-03-08,-3.0274
2008-03-09,-2.94
2008-03-10,-3.0172
2008-03-11,-3.1947
2008-03-12,-3.1938
2008-03-13,-3.1641
2008-03-14,-3.186
2008-03-15,-3.2229
2008-03-16,-3.0693
2008-03-17,-3.1365
2008-03-18,-3.364
2008-03-19,-3.336
2008-03-20,-3.2402
2008-03-21,-3.2039
2008-03-22,-3.2275
2008-03-23,-3.3106
2008-03-24,-3.3162
2008-03-25,-3.3154
2008-03-26,-3.3105
2008-03-27,-3.3302
2008-03-28,-3.3391
2008-03-29,-3.3386
2008-03-30,-3.3845
2008-03-31,-3.422
2008-04-01,-3.413
2008-04-02,-3.4175
2008-04-03,-3.4002
2008-04-04,-3.4175
2008-04-05,-3.3908
2008-04-06,-3.0405
2008-04-07,-2.0425
2008-04-08,-1.8322
2008-04-09,-2.4603
2008-04-10,-3.4433
2008-04-11,-3.5218
2008-04-12,-3.293
2008-04-13,-3.3076
2008-04-14,-3.478
2008-04-15,-3.6041
2008-04-16,-3.6548
2008-04-17,-3.6609
2008-04-18,-3.5693
2008-04-19,-3.4923
2008-04-20,-3.4893
2008-04-21,-3.5223
2008-04-22,-3.4983
2008-04-23,-3.5027
2008-04-24,-3.506
2008-04-25,-3.5225
2008-04-26,-3.5369
2008-04-27,-3.5431
2008-04-28,-3.5399
2008-04-29,-3.5412
2008-04-30,-3.5444
2008-05-01,-3.5454
2008-05-02,-3.5468
2008-05-03,-3.5313
2008-05-04,-3.4934
2008-05-05,-3.4882
2008-05-06,-3.5293
2008-05-07,-3.6081
2008-05-08,-3.6262
2008-05-09,-3.6292
2008-05-10,-3.6059
2008-05-11,-1.2435
2008-05-12,-0.9742
2008-05-13,-0.9577
2008-05-14,-1.2734
2008-05-15,-2.0281
2008-05-16,-3.618
2008-05-17,-3.9988
2008-05-18,-3.9861
2008-05-19,-3.6281
2008-05-20,-1.8416
2008-05-21,-0.7066
2008-05-22,-0.3986
2008-05-23,-0.349
2008-05-24,-0.3368
2008-05-25,-0.2295
2008-05-26,-0.2299
2008-05-27,-0.2299
2008-05-28,-0.2299
2008-05-29,-0.2292
2008-05-30,-0.2294
2008-05-31,-0.231
2008-06-01,-0.2321
2008-06-02,-0.2335
2008-06-03,-0.233
2008-06-04,-0.2315
2008-06-05,-0.2299
2008-06-06,-0.2309
2008-06-07,-0.2293
2008-06-08,-0.2308
2008-06-09,-0.2322
2008-06-10,-0.233
2008-06-11,-0.2312
2008-06-12,-0.2326
2008-06-13,-0.2353
2008-06-14,-0.2368
2008-06-15,-0.2378
2008-06-16,-0.2334
2008-06-17,-0.2363
2008-06-18,-0.2385
2008-06-19,-0.2395
2008-06-20,-0.2401
2008-06-21,-0.2404
2008-06-22,-0.2409
2008-06-23,-0.2413
2008-06-24,-0.229
2008-06-25,-0.2307
2008-06-26,-0.2353
2008-06-27,-0.237
2008-06-28,-0.2314
2008-06-29,-0.2327
2008-06-30,-0.2331
2008-07-01,-0.2334
2008-07-02,-0.2356
2008-07-03,-0.2301
2008-07-04,-0.231
2008-07-05,-0.2326
2008-07-06,-0.2324
2008-07-07,-0.2318
2008-07-08,-0.2315
2008-07-09,-0.2355
2008-07-10,-0.2316
2008-07-11,-0.2307
2008-07-12,-0.2321
2008-07-13,-0.2333
2008-07-14,-0.2337
2008-07-15,-0.2318
2008-07-16,-0.2332
2008-07-17,-0.2369
2008-07-18,-0.2319
2008-07-19,-0.2301
2008-07-20,-0.2323
2008-07-21,-0.2334
2008-07-22,-0.2347
2008-07-23,-0.236
2008-07-24,-0.2318
2008-07-25,-0.2342
2008-07-26,-0.2358
2008-07-27,-0.239
2008-07-28,-0.24
2008-07-29,-0.2406
2008-07-30,-0.235
2008-07-31,-0.235
2008-08-01,-0.234
2008-08-02,-0.2358
2008-08-03,-0.237
2008-08-04,-0.239
2008-08-05,-0.2326
2008-08-06,-0.2346
2008-08-07,-0.2352
2008-08-08,-0.2391
2008-08-09,-0.2316
2008-08-10,-0.2337
2008-08-11,-0.2357
2008-08-12,-0.2375
2008-08-13,-0.2319
2008-08-14,-0.2328
2008-08-15,-0.2342
2008-08-16,-0.2371
2008-08-17,-0.2316
2008-08-18,-0.2314
2008-08-19,-0.2318
2008-08-20,-0.233
2008-08-21,-0.2353
2008-08-22,-0.2358
2008-08-23,-0.2372
2008-08-24,-0.2351
2008-08-25,-0.2329
2008-08-26,-0.2312
2008-08-27,-0.2337
2008-08-28,-0.2347
2008-08-29,-0.2327
2008-08-30,-0.2327
2008-08-31,-0.2329
2008-09-01,-0.232
2008-09-02,-0.2339
2008-09-03,-0.2332
2008-09-04,-0.2334
2008-09-05,-0.2327
2008-09-06,-0.2321
2008-09-07,-0.2331
2008-09-08,-0.2346
2008-09-09,-0.2376
2008-09-10,-0.2378
2008-09-11,-0.2387
2008-09-12,-0.2358
2008-09-13,-0.2352
2008-09-14,-0.237
2008-09-15,-0.2349
2008-09-16,-0.237
2008-09-17,-0.2365
2008-09-18,-0.2337
2008-09-19,-0.233
2008-09-20,-0.2323
2008-09-21,-0.233
2008-09-22,-0.2318
2008-09-23,-0.234
2008-09-24,-0.2343
2008-09-25,-0.2354
2008-09-26,-0.2361
2008-09-27,-0.2365
2008-09-28,-0.2333
2008-09-29,-0.2321
2008-09-30,-0.2327
2008-10-01,-0.233
2008-10-02,-0.2329
2008-10-03,-0.2317
2008-10-04,-0.2324
2008-10-05,-0.2345
2008-10-06,-0.2363
2008-10-07,-0.2338
2008-10-08,-0.2355
2008-10-09,-0.2338
2008-10-10,-0.235
2008-10-11,-0.2344
2008-10-12,-0.233
2008-10-13,-0.2353
2008-10-14,-0.2332
2008-10-15,-0.2336
2008-10-16,-0.232
2008-10-17,-0.2325
2008-10-18,-0.233
2008-10-19,-0.2372
2008-10-20,-0.2369
2008-10-21,-0.2372
2008-10-22,-0.2376
2008-10-23,-0.2372
2008-10-24,-0.2361
2008-10-25,-0.2336
2008-10-26,-0.2337
2008-10-27,-0.2364
2008-10-28,-0.2381
2008-10-29,-0.2408
2008-10-30,-0.2417
2008-10-31,-0.2425
2008-11-01,-0.2429
2008-11-02,-0.2383
2008-11-03,-0.2412
2008-11-04,-0.2429
2008-11-05,-0.2438
2008-11-06,-0.235
2008-11-07,-0.2338
2008-11-08,-0.2351
2008-11-09,-0.2363
2008-11-10,-0.2388
2008-11-11,-0.24
2008-11-12,-0.2417
2008-11-13,-0.2429
2008-11-14,-0.243
2008-11-15,-0.2438
2008-11-16,-0.2442
2008-11-17,-0.2452
2008-11-18,-0.2456
2008-11-19,-0.2459
2008-11-20,-0.2465
2008-11-21,-0.2489
2008-11-22,-0.2496
2008-11-23,-0.2483
2008-11-24,-0.2492
2008-11-25,-0.249
2008-11-26,-0.2488
2008-11-27,-0.2494
2008-11-28,-0.2509
2008-11-29,-0.2514
2008-11-30,-0.25
2008-12-01,-0.2354
2008-12-02,-0.2352
2008-12-03,-0.2394
2008-12-04,-0.2433
2008-12-05,-0.2448
2008-12-06,-0.2461
2008-12-07,-0.2479
2008-12-08,-0.2494
2008-12-09,-0.2506
2008-12-10,-0.2511
2008-12-11,-0.2512
2008-12-12,-0.2519
2008-12-13,-0.2529
2008-12-14,-0.2554
2008-12-15,-0.2541
2008-12-16,-0.2545
2008-12-17,-0.2547
2008-12-18,-0.2563
2008-12-19,-0.2569
2008-12-20,-0.2575
2008-12-21,-0.2575
2008-12-22,-0.2576
2008-12-23,-0.2581
2008-12-24,-0.2596
2008-12-25,-0.26
2008-12-26,-0.2614
2008-12-27,-0.2621
2008-12-28,-0.2621
2008-12-29,-0.2636
2008-12-30,-0.2636
2008-12-31,-0.2648
2009-01-01,-0.2654
2009-01-02,-0.2663
2009-01-03,-0.2673
2009-01-04,-0.2688
2009-01-05,-0.2694
2009-01-06,-0.2701
2009-01-07,-0.271
2009-01-08,-0.2727
2009-01-09,-0.2774
2009-01-10,-0.2797
2009-01-11,-0.2923
2009-01-12,-0.2923
2009-01-13,-0.2979
2009-01-14,-0.303
2009-01-15,-0.315
2009-01-16,-0.3293
2009-01-17,-0.3513
2009-01-18,-0.3645
2009-01-19,-0.3731
2009-01-20,-0.4064
2009-01-21,-0.4401
2009-01-22,-0.4957
2009-01-23,-0.4695
2009-01-24,-0.5637
2009-01-25,-0.6182
2009-01-26,-0.6585
2009-01-27,-0.6895
2009-01-28,-0.7536
2009-01-29,-0.8894
2009-01-30,-0.9535
2009-01-31,-1.0296
2009-02-01,-1.1133
2009-02-02,-1.1554
2009-02-03,-1.3011
2009-02-04,-1.3675
2009-02-05,-1.363
2009-02-06,-1.4465
2009-02-07,-1.5748
2009-02-08,-1.6369
2009-02-09,-1.6461
2009-02-10,-1.6777
2009-02-11,-1.7937
2009-02-12,-1.9204
2009-02-13,-2.0112
2009-02-14,-2.0808
2009-02-15,-2.2105
2009-02-16,-2.2095
2009-02-17,-2.3057
2009-02-18,-2.4472
2009-02-19,-2.4787
2009-02-20,-2.5842
2009-02-21,-2.5304
2009-02-22,-2.4572
2009-02-23,-2.5251
2009-02-24,-2.5329
2009-02-25,-2.5489
2009-02-26,-2.6267
2009-02-27,-2.7373
2009-02-28,-2.7907
2009-03-01,-2.7932
2009-03-02,-2.864
2009-03-03,-2.9442
2009-03-04,-2.9287
2009-03-05,-2.9249
2009-03-06,-2.9222
2009-03-07,-2.8753
2009-03-08,-2.8513
2009-03-09,-2.934
2009-03-10,-2.9743
2009-03-11,-2.9954
2009-03-12,-3.0836
2009-03-13,-3.1385
2009-03-14,-3.1443
2009-03-15,-3.1282
2009-03-16,-3.1614
2009-03-17,-3.268
2009-03-18,-3.2488
2009-03-19,-3.2503
2009-03-20,-3.3126
2009-03-21,-3.2938
2009-03-22,-3.2754
2009-03-23,-3.292
2009-03-24,-3.3416
2009-03-25,-3.359
2009-03-26,-3.3571
2009-03-27,-3.3445
2009-03-28,-3.3629
2009-03-29,-3.2187
2009-03-30,-3.2065
2009-03-31,-3.5117
2009-04-01,-2.3239
2009-04-02,-1.7283
2009-04-03,-1.9402
2009-04-04,-1.948
2009-04-05,-2.0446
2009-04-06,-2.7233
2009-04-07,-3.2669
2009-04-08,-3.3573
2009-04-09,-3.3832
2009-04-10,-3.298
2009-04-11,-3.2393
2009-04-12,-3.2774
2009-04-13,-3.2947
2009-04-14,-3.2755
2009-04-15,-3.2501
2009-04-16,-3.3206
2009-04-17,-3.4113
2009-04-18,-3.4088
2009-04-19,-3.3726
2009-04-20,-3.3789
2009-04-21,-3.4323
2009-04-22,-3.3974
2009-04-23,-3.3192
2009-04-24,-3.2697
2009-04-25,-3.2677
2009-04-26,-3.2973
2009-04-27,-3.4327
2009-04-28,-3.5153
2009-04-29,-3.4746
2009-04-30,-3.4457
2009-05-01,-3.4008
2009-05-02,-3.3828
2009-05-03,-3.4229
2009-05-04,-3.0649
2009-05-05,-1.1854
2009-05-06,-1.0104
2009-05-07,-1.416
2009-05-08,-1.1748
2009-05-09,-0.7274
2009-05-10,-0.6966
2009-05-11,-1.1879
2009-05-12,-1.76
2009-05-13,-2.5276
2009-05-14,-2.8997
2009-05-15,-2.701
2009-05-16,-2.3472
2009-05-17,-2.1502
2009-05-18,-1.9223
2009-05-19,-2.2851
2009-05-20,-2.8227
2009-05-21,-3.0608
2009-05-22,-1.9037
2009-05-23,-1.3263
2009-05-24,-0.5887
2009-05-25,-0.4348
2009-05-26,-0.3954
2009-05-27,-0.2465
2009-05-28,-0.2381
2009-05-29,-0.239
2009-05-30,-0.2391
2009-05-31,-0.2421
2009-06-01,-0.238
2009-06-02,-0.2401
2009-06-03,-0.2471
2009-06-04,-0.2519
2009-06-05,-0.2733
2009-06-06,-0.3189
2009-06-07,-0.2463
2009-06-08,-0.2363
2009-06-09,-0.2377
2009-06-10,-0.2413
2009-06-11,-0.2443
2009-06-12,-0.2409
2009-06-13,-0.2394
2009-06-14,-0.2374
2009-06-15,-0.238
2009-06-16,-0.2386
2009-06-17,-0.2411
2009-06-18,-0.2394
2009-06-19,-0.2407
2009-06-20,-0.2397
2009-06-21,-0.2394
2009-06-22,-0.2401
2009-06-23,-0.2423
2009-06-24,-0.2397
2009-06-25,-0.24
2009-06-26,-0.2402
2009-06-27,-0.2409
2009-06-28,-0.2406
2009-06-29,-0.2379
2009-06-30,-0.2386
2009-07-01,-0.2393
2009-07-02,-0.2377
2009-07-03,-0.2389
2009-07-04,-0.2407
2009-07-05,-0.2435
2009-07-06,-0.2445
2009-07-07,-0.2377
2009-07-08,-0.2396
2009-07-09,-0.2415
2009-07-10,-0.2386
2009-07-11,-0.2406
2009-07-12,-0.2402
2009-07-13,-0.2431
2009-07-14,-0.2442
2009-07-15,-0.2458
2009-07-16,-0.2464
2009-07-17,-0.2472
2009-07-18,-0.2484
2009-07-19,-0.2494
2009-07-20,-0.2498
2009-07-21,-0.2497
2009-07-22,-0.2426
2009-07-23,-0.2368
2009-07-24,-0.2412
2009-07-25,-0.2431
2009-07-26,-0.24
2009-07-27,-0.2418
2009-07-28,-0.2451
2009-07-29,-0.2462
2009-07-30,-0.2446
2009-07-31,-0.2444
2009-08-01,-0.2436
2009-08-02,-0.2458
2009-08-03,-0.2474
2009-08-04,-0.2488
2009-08-05,-0.2492
2009-08-06,-0.2494
2009-08-07,-0.2499
2009-08-08,-0.2477
2009-08-09,-0.2384
2009-08-10,-0.2426
2009-08-11,-0.2437
2009-08-12,-0.2445
2009-08-13,-0.2475
2009-08-14,-0.2482
2009-08-15,-0.2491
2009-08-16,-0.2443
2009-08-17,-0.2409
2009-08-18,-0.2404
2009-08-19,-0.2419
2009-08-20,-0.2447
2009-08-21,-0.2378
2009-08-22,-0.2397
2009-08-23,-0.2431
2009-08-24,-0.2438
2009-08-25,-0.2457
2009-08-26,-0.2424
2009-08-27,-0.2433
2009-08-28,-0.2435
2009-08-29,-0.2459
2009-08-30,-0.2466
2009-08-31,-0.2474
2009-09-01,-0.2477
2009-09-02,-0.2479
2009-09-03,-0.2481
2009-09-04,-0.2503
2009-09-05,-0.2505
2009-09-06,-0.2377
2009-09-07,-0.2407
2009-09-08,-0.2437
2009-09-09,-0.2455
2009-09-10,-0.2465
2009-09-11,-0.2446
2009-09-12,-0.2378
2009-09-13,-0.2389
2009-09-14,-0.2417
2009-09-15,-0.2424
2009-09-16,-0.2447
2009-09-17,-0.2458
2009-09-18,-0.2417
2009-09-19,-0.2442
2009-09-20,-0.246
2009-09-21,-0.2467
2009-09-22,-0.2479
2009-09-23,-0.2487
2009-09-24,-0.2408
2009-09-25,-0.2381
2009-09-26,-0.24
2009-09-27,-0.2436
2009-09-28,-0.2443
2009-09-29,-0.2454
2009-09-30,-0.2425
2009-10-01,-0.2422
2009-10-02,-0.2465
2009-10-03,-0.2469
2009-10-04,-0.2453
2009-10-05,-0.2461
2009-10-06,-0.2481
2009-10-07,-0.24
2009-10-08,-0.2432
2009-10-09,-0.2475
2009-10-10,-0.2488
2009-10-11,-0.2457
2009-10-12,-0.2464
2009-10-13,-0.2492
2009-10-14,-0.25
2009-10-15,-0.2403
2009-10-16,-0.2437
2009-10-17,-0.2477
2009-10-18,-0.2492
2009-10-19,-0.2426
2009-10-20,-0.2432
2009-10-21,-0.2387
2009-10-22,-0.2388
2009-10-23,-0.2412
2009-10-24,-0.2404
2009-10-25,-0.2424
2009-10-26,-0.2411
2009-10-27,-0.2431
2009-10-28,-0.2435
2009-10-29,-0.2445
2009-10-30,-0.2426
2009-10-31,-0.2436
2009-11-01,-0.2433
2009-11-02,-0.2408
2009-11-03,-0.2401
2009-11-04,-0.2407
2009-11-05,-0.2391
2009-11-06,-0.2409
2009-11-07,-0.2418
2009-11-08,-0.2415
2009-11-09,-0.2421
2009-11-10,-0.2435
2009-11-11,-0.2454
2009-11-12,-0.2472
2009-11-13,-0.2481
2009-11-14,-0.2497
2009-11-15,-0.2504
2009-11-16,-0.2502
2009-11-17,-0.2511
2009-11-18,-0.252
2009-11-19,-0.2532
2009-11-20,-0.2538
2009-11-21,-0.2541
2009-11-22,-0.2546
2009-11-23,-0.2553
2009-11-24,-0.2553
2009-11-25,-0.253
2009-11-26,-0.2414
2009-11-27,-0.243
2009-11-28,-0.2495
2009-11-29,-0.2518
2009-11-30,-0.2529
2009-12-01,-0.2526
2009-12-02,-0.2554
2009-12-03,-0.2558
2009-12-04,-0.2561
2009-12-05,-0.2573
2009-12-06,-0.258
2009-12-07,-0.2585
2009-12-08,-0.2593
2009-12-09,-0.2593
2009-12-10,-0.2595
2009-12-11,-0.2601
2009-12-12,-0.2615
2009-12-13,-0.2621
2009-12-14,-0.2627
2009-12-15,-0.2636
2009-12-16,-0.2643
2009-12-17,-0.2643
2009-12-18,-0.2638
2009-12-19,-0.2641
2009-12-20,-0.2663
2009-12-21,-0.2669
2009-12-22,-0.266
2009-12-23,-0.2681
2009-12-24,-0.2674
2009-12-25,-0.2668
2009-12-26,-0.2669
2009-12-27,-0.2697
2009-12-28,-0.2697
2009-12-29,-0.2718
2009-12-30,-0.2748
2009-12-31,-0.2748
2010-01-01,-0.2758
2010-01-02,-0.2782
2010-01-03,-0.2789
2010-01-04,-0.2802
2010-01-05,-0.2824
2010-01-06,-0.2866
2010-01-07,-0.2916
2010-01-08,-0.2983
2010-01-09,-0.2994
2010-01-10,-0.2994
2010-01-11,-0.3143
2010-01-12,-0.3236
2010-01-13,-0.3365
2010-01-14,-0.3621
2010-01-15,-0.3728
2010-01-16,-0.3682
2010-01-17,-0.4103
2010-01-18,-0.4477
2010-01-19,-0.4987
2010-01-20,-0.5432
2010-01-21,-0.6229
2010-01-22,-0.6736
2010-01-23,-0.7479
2010-01-24,-0.8537
2010-01-25,-0.9701
2010-01-26,-0.9169
2010-01-27,-1.0625
2010-01-28,-1.2765
2010-01-29,-1.404
2010-01-30,-1.51
2010-01-31,-1.5572
2010-02-01,-1.6077
2010-02-02,-1.6147
2010-02-03,-1.6572
2010-02-04,-1.7486
2010-02-05,-1.8203
2010-02-06,-1.9335
2010-02-07,-2.0639
2010-02-08,-2.2151
2010-02-09,-2.2939
2010-02-10,-2.2569
2010-02-11,-2.2921
2010-02-12,-2.4192
2010-02-13,-2.5599
2010-02-14,-2.5303
2010-02-15,-2.5281
2010-02-16,-2.5587
2010-02-17,-2.5942
2010-02-18,-2.6492
2010-02-19,-2.6313
2010-02-20,-2.6541
2010-02-21,-2.6965
2010-02-22,-2.751
2010-02-23,-2.6043
2010-02-24,-2.2548
2010-02-25,-2.2624
2010-02-26,-2.4206
2010-02-27,-2.5954
2010-02-28,-2.5673
2010-03-01,-2.5466
2010-03-02,-2.6358
2010-03-03,-2.7971
2010-03-04,-2.8589
2010-03-05,-2.8328
2010-03-06,-2.832
2010-03-07,-2.8939
2010-03-08,-2.9314
2010-03-09,-2.9516
2010-03-10,-2.9903
2010-03-11,-3.0864
2010-03-12,-3.0679
2010-03-13,-2.9988
2010-03-14,-3.0197
2010-03-15,-3.2091
2010-03-16,-3.1672
2010-03-17,-3.1338
2010-03-18,-3.2522
2010-03-19,-3.3422
2010-03-20,-3.2726
2010-03-21,-3.1844
2010-03-22,-3.1646
2010-03-23,-2.9836
2010-03-24,-2.92
2010-03-25,-3.0175
2010-03-26,-3.2767
2010-03-27,-3.4051
2010-03-28,-3.4008
2010-03-29,-3.4026
2010-03-30,-3.3854
2010-03-31,-3.3817
2010-04-01,-3.4315
2010-04-02,-3.3589
2010-04-03,-3.3054
2010-04-04,-3.2109
2010-04-05,-3.3231
2010-04-06,-3.7332
2010-04-07,-3.6559
2010-04-08,-3.5294
2010-04-09,-3.3746
2010-04-10,-3.1641
2010-04-11,-3.1784
2010-04-12,-3.4509
2010-04-13,-3.6045
2010-04-14,-3.5341
2010-04-15,-3.076
2010-04-16,-2.7155
2010-04-17,-2.7764
2010-04-18,-1.8755
2010-04-19,-1.6066
2010-04-20,-1.8855
2010-04-21,-2.5031
2010-04-22,-2.9589
2010-04-23,-3.247
2010-04-24,-1.6229
2010-04-25,-0.8253
2010-04-26,-0.6285
2010-04-27,-0.36
2010-04-28,-0.2474
2010-04-29,-0.2422
2010-04-30,-0.2413
2010-05-01,-0.2422
2010-05-02,-0.2431
2010-05-03,-0.2439
2010-05-04,-0.2449
2010-05-05,-0.2475
2010-05-06,-0.249
2010-05-07,-0.2498
2010-05-08,-0.2518
2010-05-09,-0.2543
2010-05-10,-0.2572
2010-05-11,-0.2603
2010-05-12,-0.2638
2010-05-13,-0.2704
2010-05-14,-0.2879
2010-05-15,-0.3221
2010-05-16,-0.3609
2010-05-17,-0.317
2010-05-18,-0.2767
2010-05-19,-0.2695
2010-05-20,-0.2738
2010-05-21,-0.2422
2010-05-22,-0.2427
2010-05-23,-0.242
2010-05-24,-0.2419
2010-05-25,-0.2421
2010-05-26,-0.2417
2010-05-27,-0.2428
2010-05-28,-0.2416
2010-05-29,-0.2422
2010-05-30,-0.2466
2010-05-31,-0.248
2010-06-01,-0.2486
2010-06-02,-0.2491
2010-06-03,-0.2489
2010-06-04,-0.2435
2010-06-05,-0.2443
2010-06-06,-0.2473
2010-06-07,-0.2498
2010-06-08,-0.2504
2010-06-09,-0.2473
2010-06-10,-0.2432
2010-06-11,-0.2449
2010-06-12,-0.2446
2010-06-13,-0.2452
2010-06-14,-0.2465
2010-06-15,-0.2485
2010-06-16,-0.2431
2010-06-17,-0.2439
2010-06-18,-0.2455
2010-06-19,-0.2476
2010-06-20,-0.2454
2010-06-21,-0.2445
2010-06-22,-0.2441
2010-06-23,-0.2438
2010-06-24,-0.2451
2010-06-25,-0.2476
2010-06-26,-0.2444
2010-06-27,-0.2433
2010-06-28,-0.2436
2010-06-29,-0.244
2010-06-30,-0.2453
2010-07-01,-0.243
2010-07-02,-0.2453
2010-07-03,-0.2435
2010-07-04,-0.2449
2010-07-05,-0.2427
2010-07-06,-0.2433
2010-07-07,-0.2435
2010-07-08,-0.2421
2010-07-09,-0.2451
2010-07-10,-0.2459
2010-07-11,-0.247
2010-07-12,-0.2473
2010-07-13,-0.2428
2010-07-14,-0.2448
2010-07-15,-0.2456
2010-07-16,-0.2486
2010-07-17,-0.246
2010-07-18,-0.2444
2010-07-19,-0.2444
2010-07-20,-0.2441
2010-07-21,-0.2462
2010-07-22,-0.2449
2010-07-23,-0.2452
2010-07-24,-0.245
2010-07-25,-0.2468
2010-07-26,-0.2455
2010-07-27,-0.2433
2010-07-28,-0.244
2010-07-29,-0.2457
2010-07-30,-0.2431
2010-07-31,-0.2442
2010-08-01,-0.245
2010-08-02,-0.2478
2010-08-03,-0.2456
2010-08-04,-0.2461
2010-08-05,-0.2489
2010-08-06,-0.246
2010-08-07,-0.2432
2010-08-08,-0.2432
2010-08-09,-0.2452
2010-08-10,-0.2459
2010-08-11,-0.2452
2010-08-12,-0.243
2010-08-13,-0.2443
2010-08-14,-0.2458
2010-08-15,-0.2484
2010-08-16,-0.243
2010-08-17,-0.2431
2010-08-18,-0.2456
2010-08-19,-0.2458
2010-08-20,-0.2461
2010-08-21,-0.2444
2010-08-22,-0.2456
2010-08-23,-0.2463
2010-08-24,-0.2467
2010-08-25,-0.2436
2010-08-26,-0.2452
2010-08-27,-0.2468
2010-08-28,-0.2433
2010-08-29,-0.2446
2010-08-30,-0.2454
2010-08-31,-0.245
2010-09-01,-0.2425
2010-09-02,-0.2449
2010-09-03,-0.2452
2010-09-04,-0.2443
2010-09-05,-0.2453
2010-09-06,-0.2432
2010-09-07,-0.244
2010-09-08,-0.2455
2010-09-09,-0.2467
2010-09-10,-0.2476
2010-09-11,-0.2483
2010-09-12,-0.2472
2010-09-13,-0.2464
2010-09-14,-0.2437
2010-09-15,-0.2446
2010-09-16,-0.2457
2010-09-17,-0.2462
2010-09-18,-0.2448
2010-09-19,-0.2453
2010-09-20,-0.2465
2010-09-21,-0.2467
2010-09-22,-0.2471
2010-09-23,-0.2459
2010-09-24,-0.2448
2010-09-25,-0.246
2010-09-26,-0.2454
2010-09-27,-0.2451
2010-09-28,-0.2443
2010-09-29,-0.2454
2010-09-30,-0.2457
2010-10-01,-0.2465
2010-10-02,-0.2436
2010-10-03,-0.2448
2010-10-04,-0.2455
2010-10-05,-0.2467
2010-10-06,-0.2497
2010-10-07,-0.2477
2010-10-08,-0.248
2010-10-09,-0.2495
2010-10-10,-0.2521
2010-10-11,-0.253
2010-10-12,-0.2538
2010-10-13,-0.2545
2010-10-14,-0.2552
2010-10-15,-0.2556
2010-10-16,-0.2564
2010-10-17,-0.2504
2010-10-18,-0.2528
2010-10-19,-0.2506
2010-10-20,-0.2519
2010-10-21,-0.2509
2010-10-22,-0.2443
2010-10-23,-0.2475
2010-10-24,-0.2473
2010-10-25,-0.2453
2010-10-26,-0.2458
2010-10-27,-0.2464
2010-10-28,-0.2469
2010-10-29,-0.2479
2010-10-30,-0.2498
2010-10-31,-0.2513
2010-11-01,-0.2503
2010-11-02,-0.2525
2010-11-03,-0.251
2010-11-04,-0.2441
2010-11-05,-0.2438
2010-11-06,-0.2461
2010-11-07,-0.2459
2010-11-08,-0.2515
2010-11-09,-0.2529
2010-11-10,-0.2538
2010-11-11,-0.2552
2010-11-12,-0.2547
2010-11-13,-0.2546
2010-11-14,-0.2553
2010-11-15,-0.2565
2010-11-16,-0.256
2010-11-17,-0.2565
2010-11-18,-0.2569
2010-11-19,-0.2558
2010-11-20,-0.2556
2010-11-21,-0.257
2010-11-22,-0.258
2010-11-23,-0.2516
2010-11-24,-0.254
2010-11-25,-0.2566
2010-11-26,-0.2522
2010-11-27,-0.2538
2010-11-28,-0.2556
2010-11-29,-0.2572
2010-11-30,-0.2572
2010-12-01,-0.2585
2010-12-02,-0.2592
2010-12-03,-0.2601
2010-12-04,-0.2609
2010-12-05,-0.2616
2010-12-06,-0.2616
2010-12-07,-0.2627
2010-12-08,-0.264
2010-12-09,-0.2638
2010-12-10,-0.2646
2010-12-11,-0.2656
2010-12-12,-0.2659
2010-12-13,-0.2647
2010-12-14,-0.2668
2010-12-15,-0.2683
2010-12-16,-0.2686
2010-12-17,-0.268
2010-12-18,-0.2676
2010-12-19,-0.2667
2010-12-20,-0.2672
2010-12-21,-0.2703
2010-12-22,-0.2707
2010-12-23,-0.2706
2010-12-24,-0.2722
2010-12-25,-0.2731
2010-12-26,-0.2741
2010-12-27,-0.2751
2010-12-28,-0.2765
2010-12-29,-0.2784
2010-12-30,-0.2776
2010-12-31,-0.2753
2011-01-01,-0.2727
2011-01-02,-0.2766
2011-01-03,-0.278
2011-01-04,-0.2811
2011-01-05,-0.2809
2011-01-06,-0.2823
2011-01-07,-0.2814
2011-01-08,-0.2844
2011-01-09,-0.2849
2011-01-10,-0.2853
2011-01-11,-0.2909
2011-01-12,-0.2979
2011-01-13,-0.3039
2011-01-14,-0.3091
2011-01-15,-0.3142
2011-01-16,-0.3199
2011-01-17,-0.3284
2011-01-18,-0.3349
2011-01-19,-0.3563
2011-01-20,-0.3803
2011-01-21,-0.4194
2011-01-22,-0.4517
2011-01-23,-0.4666
2011-01-24,-0.5548
2011-01-25,-0.7203
2011-01-26,-0.7685
2011-01-27,-0.8634
2011-01-28,-0.8694
2011-01-29,-0.9555
2011-01-30,-1.0218
2011-01-31,-1.1356
2011-02-01,-1.2961
2011-02-02,-1.3777
2011-02-03,-1.4302
2011-02-04,-1.4974
2011-02-05,-1.5365
2011-02-06,-1.6313
2011-02-07,-1.7006
2011-02-08,-1.7698
2011-02-09,-1.8786
2011-02-10,-1.921
2011-02-11,-1.9919
2011-02-12,-2.1177
2011-02-13,-2.2355
2011-02-14,-2.1493
2011-02-15,-2.1693
2011-02-16,-2.2082
2011-02-17,-2.2138
2011-02-18,-2.2625
2011-02-19,-2.352
2011-02-20,-2.4437
2011-02-21,-2.486
2011-02-22,-2.4956
2011-02-23,-2.594
2011-02-24,-2.7934
2011-02-25,-2.8164
2011-02-26,-2.7278
2011-02-27,-2.6788
2011-02-28,-2.7329
2011-03-01,-2.7395
2011-03-02,-2.7674
2011-03-03,-2.8331
2011-03-04,-2.9585
2011-03-05,-3.0172
2011-03-06,-3.0523
2011-03-07,-3.1466
2011-03-08,-3.1615
2011-03-09,-3.1364
2011-03-10,-3.0471
2011-03-11,-3.0829
2011-03-12,-3.1843
2011-03-13,-3.0977
2011-03-14,-3.1208
2011-03-15,-3.2226
2011-03-16,-3.2319
2011-03-17,-3.2512
2011-03-18,-3.2517
2011-03-19,-3.2254
2011-03-20,-3.2379
2011-03-21,-3.2653
2011-03-22,-3.2806
2011-03-23,-3.2524
2011-03-24,-3.2475
2011-03-25,-3.3226
2011-03-26,-3.41
2011-03-27,-3.3675
2011-03-28,-3.2976
2011-03-29,-2.9142
2011-03-30,-2.7141
2011-03-31,-2.7585
2011-04-01,-3.0129
2011-04-02,-3.0377
2011-04-03,-3.0534
2011-04-04,-3.2952
2011-04-05,-3.2145
2011-04-06,-3.1933
2011-04-07,-3.1879
2011-04-08,-3.2199
2011-04-09,-3.175
2011-04-10,-3.1072
2011-04-11,-3.1561
2011-04-12,-3.2772
2011-04-13,-3.3234
2011-04-14,-3.3523
2011-04-15,-3.4231
2011-04-16,-3.3928
2011-04-17,-3.3454
2011-04-18,-3.3884
2011-04-19,-3.3954
2011-04-20,-3.2666
2011-04-21,-3.2325
2011-04-22,-3.3663
2011-04-23,-3.4788
2011-04-24,-3.4779
2011-04-25,-3.4115
2011-04-26,-3.4386
2011-04-27,-3.3793
2011-04-28,-0.9467
2011-04-29,-0.8614
2011-04-30,-1.3525
2011-05-01,-2.0449
2011-05-02,-3.7109
2011-05-03,-3.8073
2011-05-04,-3.7079
2011-05-05,-3.728
2011-05-06,-3.6328
2011-05-07,-3.5569
2011-05-08,-3.5042
2011-05-09,-3.4041
2011-05-10,-2.9038
2011-05-11,-0.4546
2011-05-12,-0.4622
2011-05-13,-0.4692
2011-05-14,-0.3838
2011-05-15,-0.3694
2011-05-16,-0.3726
2011-05-17,-0.407
2011-05-18,-0.4209
2011-05-19,-0.389
2011-05-20,-0.3455
2011-05-21,-0.3732
2011-05-22,-0.2469
2011-05-23,-0.246
2011-05-24,-0.2464
2011-05-25,-0.2496
2011-05-26,-0.247
2011-05-27,-0.2486
2011-05-28,-0.2502
2011-05-29,-0.2529
2011-05-30,-0.2471
2011-05-31,-0.2489
2011-06-01,-0.2471
2011-06-02,-0.248
2011-06-03,-0.2459
2011-06-04,-0.2456
2011-06-05,-0.246
2011-06-06,-0.2468
2011-06-07,-0.2474
2011-06-08,-0.2465
2011-06-09,-0.248
2011-06-10,-0.2502
2011-06-11,-0.2509
2011-06-12,-0.252
2011-06-13,-0.2535
2011-06-14,-0.253
2011-06-15,-0.253
2011-06-16,-0.2487
2011-06-17,-0.2466
2011-06-18,-0.2477
2011-06-19,-0.2466
2011-06-20,-0.2484
2011-06-21,-0.2492
2011-06-22,-0.2494
2011-06-23,-0.2512
2011-06-24,-0.2518
2011-06-25,-0.2459
2011-06-26,-0.2488
2011-06-27,-0.2511
2011-06-28,-0.2518
2011-06-29,-0.2508
2011-06-30,-0.2518
2011-07-01,-0.2483
2011-07-02,-0.2474
2011-07-03,-0.2479
2011-07-04,-0.247
2011-07-05,-0.2482
2011-07-06,-0.2489
2011-07-07,-0.2495
2011-07-08,-0.2525
2011-07-09,-0.2528
2011-07-10,-0.2523
2011-07-11,-0.2505
2011-07-12,-0.2483
2011-07-13,-0.2477
2011-07-14,-0.2474
2011-07-15,-0.2481
2011-07-16,-0.2476
2011-07-17,-0.2464
2011-07-18,-0.2487
2011-07-19,-0.2504
2011-07-20,-0.2524
2011-07-21,-0.2541
2011-07-22,-0.2556
2011-07-23,-0.256
2011-07-24,-0.2566
2011-07-25,-0.2577
2011-07-26,-0.2576
2011-07-27,-0.2576
2011-07-28,-0.2489
2011-07-29,-0.25
2011-07-30,-0.2498
2011-07-31,-0.2491
2011-08-01,-0.2494
2011-08-02,-0.2491
2011-08-03,-0.2492
2011-08-04,-0.25
2011-08-05,-0.2529
2011-08-06,-0.2542
2011-08-07,-0.2549
2011-08-08,-0.2558
2011-08-09,-0.2556
2011-08-10,-0.2542
2011-08-11,-0.2558
2011-08-12,-0.2544
2011-08-13,-0.251
2011-08-14,-0.2476
2011-08-15,-0.2493
2011-08-16,-0.2501
2011-08-17,-0.2509
2011-08-18,-0.2517
2011-08-19,-0.2525
2011-08-20,-0.2478
2011-08-21,-0.2492
2011-08-22,-0.2505
2011-08-23,-0.2515
2011-08-24,-0.2507
2011-08-25,-0.2474
2011-08-26,-0.2465
2011-08-27,-0.2482
2011-08-28,-0.2509
2011-08-29,-0.25
2011-08-30,-0.2507
2011-08-31,-0.2509
2011-09-01,-0.2478
2011-09-02,-0.2505
2011-09-03,-0.2488
2011-09-04,-0.2506
2011-09-05,-0.2509
2011-09-06,-0.2484
2011-09-07,-0.2502
2011-09-08,-0.2521
2011-09-09,-0.2531
2011-09-10,-0.2535
2011-09-11,-0.2541
2011-09-12,-0.2521
2011-09-13,-0.2501
2011-09-14,-0.2509
2011-09-15,-0.2537
2011-09-16,-0.2544
2011-09-17,-0.2524
2011-09-18,-0.2487
2011-09-19,-0.2473
2011-09-20,-0.2498
2011-09-21,-0.2497
2011-09-22,-0.2498
2011-09-23,-0.2531
2011-09-24,-0.2546
2011-09-25,-0.255
2011-09-26,-0.2514
2011-09-27,-0.2495
2011-09-28,-0.2503
2011-09-29,-0.2505
2011-09-30,-0.2509
2011-10-01,-0.2485
2011-10-02,-0.2496
2011-10-03,-0.248
2011-10-04,-0.2479
2011-10-05,-0.2493
2011-10-06,-0.2494
2011-10-07,-0.2503
2011-10-08,-0.2497
2011-10-09,-0.2513
2011-10-10,-0.2502
2011-10-11,-0.2468
2011-10-12,-0.2497
2011-10-13,-0.2492
2011-10-14,-0.2508
2011-10-15,-0.2484
2011-10-16,-0.2485
2011-10-17,-0.2495
2011-10-18,-0.2503
2011-10-19,-0.251
2011-10-20,-0.2521
2011-10-21,-0.2472
2011-10-22,-0.2498
2011-10-23,-0.2497
2011-10-24,-0.2498
2011-10-25,-0.248
2011-10-26,-0.2502
2011-10-27,-0.2535
2011-10-28,-0.2505
2011-10-29,-0.2505
2011-10-30,-0.2517
2011-10-31,-0.2537
2011-11-01,-0.2518
2011-11-02,-0.2531
2011-11-03,-0.2529
2011-11-04,-0.2534
2011-11-05,-0.2554
2011-11-06,-0.2566
2011-11-07,-0.2578
2011-11-08,-0.2586
2011-11-09,-0.2589
2011-11-10,-0.2598
2011-11-11,-0.2607
2011-11-12,-0.262
2011-11-13,-0.2624
2011-11-14,-0.2619
2011-11-15,-0.2474
2011-11-16,-0.2471
2011-11-17,-0.2494
2011-11-18,-0.2509
2011-11-19,-0.2529
2011-11-20,-0.2533
2011-11-21,-0.255
2011-11-22,-0.2561
2011-11-23,-0.2571
2011-11-24,-0.2575
2011-11-25,-0.2586
2011-11-26,-0.2597
2011-11-27,-0.2596
2011-11-28,-0.2599
2011-11-29,-0.2607
2011-11-30,-0.2622
2011-12-01,-0.2632
2011-12-02,-0.2635
2011-12-03,-0.264
2011-12-04,-0.2645
2011-12-05,-0.2644
2011-12-06,-0.2642
2011-12-07,-0.2648
2011-12-08,-0.2654
2011-12-09,-0.266
2011-12-10,-0.2669
2011-12-11,-0.2671
2011-12-12,-0.2673
2011-12-13,-0.2687
2011-12-14,-0.2513
2011-12-15,-0.2504
2011-12-16,-0.251
2011-12-17,-0.2553
2011-12-18,-0.2547
2011-12-19,-0.256
2011-12-20,-0.2588
2011-12-21,-0.2606
2011-12-22,-0.2621
2011-12-23,-0.2635
2011-12-24,-0.2644
2011-12-25,-0.266
2011-12-26,-0.2673
2011-12-27,-0.2676
2011-12-28,-0.2681
2011-12-29,-0.2693
2011-12-30,-0.2699
2011-12-31,-0.2705
2012-01-01,-0.2689
2012-01-02,-0.2717
2012-01-03,-0.2722
2012-01-04,-0.2736
2012-01-05,-0.2736
2012-01-06,-0.2759
2012-01-07,-0.2769
2012-01-08,-0.274
2012-01-09,-0.2754
2012-01-10,-0.2754
2012-01-11,-0.2761
2012-01-12,-0.2767
2012-01-13,-0.2792
2012-01-14,-0.2799
2012-01-15,-0.2825
2012-01-16,-0.283
2012-01-17,-0.2832
2012-01-18,-0.2872
2012-01-19,-0.2879
2012-01-20,-0.2898
2012-01-21,-0.292
2012-01-22,-0.2944
2012-01-23,-0.3009
2012-01-24,-0.3033
2012-01-25,-0.3102
2012-01-26,-0.3156
2012-01-27,-0.325
2012-01-28,-0.3414
2012-01-29,-0.3639
2012-01-30,-0.3926
2012-01-31,-0.4029
2012-02-01,-0.4258
2012-02-02,-0.464
2012-02-03,-0.5088
2012-02-04,-0.5995
2012-02-05,-0.6799
2012-02-06,-0.7224
2012-02-07,-0.6892
2012-02-08,-0.7879
2012-02-09,-0.9071
2012-02-10,-0.9823
2012-02-11,-1.1781
2012-02-12,-1.265
2012-02-13,-1.3285
2012-02-14,-1.3563
2012-02-15,-1.4616
2012-02-16,-1.5609
2012-02-17,-1.6608
2012-02-18,-1.7442
2012-02-19,-1.7888
2012-02-20,-1.902
2012-02-21,-1.9944
2012-02-22,-2.0713
2012-02-23,-2.1235
2012-02-24,-2.2334
2012-02-25,-2.2912
2012-02-26,-2.3501
2012-02-27,-2.3445
2012-02-28,-2.4183
2012-02-29,-2.5218
2012-03-01,-2.5035
2012-03-02,-2.5606
2012-03-03,-2.6611
2012-03-04,-2.7508
2012-03-05,-2.7544
2012-03-06,-2.6706
2012-03-07,-2.5851
2012-03-08,-2.6775
2012-03-09,-2.8078
2012-03-10,-2.8641
2012-03-11,-2.8723
2012-03-12,-2.8796
2012-03-13,-2.8895
2012-03-14,-2.8881
2012-03-15,-2.8767
2012-03-16,-2.9172
2012-03-17,-2.9524
2012-03-18,-3.0067
2012-03-19,-3.0758
2012-03-20,-3.0969
2012-03-21,-3.1802
2012-03-22,-3.1055
2012-03-23,-3.1471
2012-03-24,-3.2276
2012-03-25,-3.2367
2012-03-26,-3.2164
2012-03-27,-3.2742
2012-03-28,-3.3691
2012-03-29,-3.3426
2012-03-30,-3.2515
2012-03-31,-3.2557
2012-04-01,-3.3277
2012-04-02,-3.3435
2012-04-03,-3.2848
2012-04-04,-3.1055
2012-04-05,-2.7924
2012-04-06,-2.701
2012-04-07,-2.6784
2012-04-08,-2.792
2012-04-09,-2.8838
2012-04-10,-2.9361
2012-04-11,-3.1292
2012-04-12,-3.2803
2012-04-13,-3.2453
2012-04-14,-3.2019
2012-04-15,-3.2464
2012-04-16,-3.3221
2012-04-17,-3.2453
2012-04-18,-1.0044
2012-04-19,-0.8236
2012-04-20,-1.0797
2012-04-21,-0.4763
2012-04-22,-0.4395
2012-04-23,-0.743
2012-04-24,-1.4074
2012-04-25,-2.0622
2012-04-26,-3.1241
2012-04-27,-3.2082
2012-04-28,-3.0165
2012-04-29,-2.6614
2012-04-30,-2.6281
2012-05-01,-2.7523
2012-05-02,-2.9121
2012-05-03,-2.8447
2012-05-04,-2.8111
2012-05-05,-1.7613
2012-05-06,-1.5107
2012-05-07,-1.1667
2012-05-08,-1.6125
2012-05-09,-1.2914
2012-05-10,-1.1892
2012-05-11,-1.6967
2012-05-12,-2.4059
2012-05-13,-2.9556
2012-05-14,-0.9601
2012-05-15,-0.8393
2012-05-16,-0.4601
2012-05-17,-0.306
2012-05-18,-0.3319
2012-05-19,-0.4122
2012-05-20,-0.2516
2012-05-21,-0.2483
2012-05-22,-0.2505
2012-05-23,-0.2502
2012-05-24,-0.2515
2012-05-25,-0.2505
2012-05-26,-0.2502
2012-05-27,-0.2506
2012-05-28,-0.2516
2012-05-29,-0.2549
2012-05-30,-0.2534
2012-05-31,-0.2539
2012-06-01,-0.2559
2012-06-02,-0.2514
2012-06-03,-0.252
2012-06-04,-0.251
2012-06-05,-0.2521
2012-06-06,-0.2504
2012-06-07,-0.2522
2012-06-08,-0.2536
2012-06-09,-0.2554
2012-06-10,-0.2565
2012-06-11,-0.2523
2012-06-12,-0.2545
2012-06-13,-0.2566
2012-06-14,-0.2486
2012-06-15,-0.2509
2012-06-16,-0.2536
2012-06-17,-0.2538
2012-06-18,-0.2514
2012-06-19,-0.2517
2012-06-20,-0.255
2012-06-21,-0.2559
2012-06-22,-0.2566
2012-06-23,-0.2511
2012-06-24,-0.2511
2012-06-25,-0.2524
2012-06-26,-0.2538
2012-06-27,-0.2526
2012-06-28,-0.2537
2012-06-29,-0.2552
2012-06-30,-0.2533
2012-07-01,-0.2539
2012-07-02,-0.2571
2012-07-03,-0.255
2012-07-04,-0.2581
2012-07-05,-0.2526
2012-07-06,-0.2503
2012-07-07,-0.252
2012-07-08,-0.2534
2012-07-09,-0.2522
2012-07-10,-0.2542
2012-07-11,-0.2504
2012-07-12,-0.2526
2012-07-13,-0.2554
2012-07-14,-0.256
2012-07-15,-0.2563
2012-07-16,-0.2578
2012-07-17,-0.2589
2012-07-18,-0.2597
2012-07-19,-0.2594
2012-07-20,-0.2595
2012-07-21,-0.2616
2012-07-22,-0.2574
2012-07-23,-0.2522
2012-07-24,-0.2542
2012-07-25,-0.2601
2012-07-26,-0.2616
2012-07-27,-0.2622
2012-07-28,-0.2631
2012-07-29,-0.2643
2012-07-30,-0.2643
2012-07-31,-0.2634
2012-08-01,-0.2599
2012-08-02,-0.2634
2012-08-03,-0.2629
2012-08-04,-0.2643
2012-08-05,-0.2652
2012-08-06,-0.2656
2012-08-07,-0.2647
2012-08-08,-0.2541
2012-08-09,-0.2543
2012-08-10,-0.2525
2012-08-11,-0.2524
2012-08-12,-0.2508
2012-08-13,-0.2523
2012-08-14,-0.2549
2012-08-15,-0.2574
2012-08-16,-0.2581
2012-08-17,-0.2574
2012-08-18,-0.2531
2012-08-19,-0.2526
2012-08-20,-0.2516
2012-08-21,-0.2527
2012-08-22,-0.2551
2012-08-23,-0.2556
2012-08-24,-0.2522
2012-08-25,-0.2534
2012-08-26,-0.2538
2012-08-27,-0.2546
2012-08-28,-0.2552
2012-08-29,-0.2553
2012-08-30,-0.2533
2012-08-31,-0.2522
2012-09-01,-0.251
2012-09-02,-0.2535
2012-09-03,-0.2545
2012-09-04,-0.2557
2012-09-05,-0.2522
2012-09-06,-0.2532
2012-09-07,-0.2555
2012-09-08,-0.2514
2012-09-09,-0.2504
2012-09-10,-0.2521
2012-09-11,-0.2532
2012-09-12,-0.2557
2012-09-13,-0.2574
2012-09-14,-0.2583
2012-09-15,-0.2572
2012-09-16,-0.2564
2012-09-17,-0.2549
2012-09-18,-0.2558
2012-09-19,-0.2519
2012-09-20,-0.2542
2012-09-21,-0.2572
2012-09-22,-0.2544
2012-09-23,-0.2512
2012-09-24,-0.2535
2012-09-25,-0.2554
2012-09-26,-0.2572
2012-09-27,-0.2585
2012-09-28,-0.2567
2012-09-29,-0.2516
2012-09-30,-0.2505
2012-10-01,-0.2494
2012-10-02,-0.2528
2012-10-03,-0.2555
2012-10-04,-0.2567
2012-10-05,-0.2581
2012-10-06,-0.2534
2012-10-07,-0.2548
2012-10-08,-0.2577
2012-10-09,-0.2501
2012-10-10,-0.2506
2012-10-11,-0.2526
2012-10-12,-0.255
2012-10-13,-0.2565
2012-10-14,-0.2575
2012-10-15,-0.2579
2012-10-16,-0.2579
2012-10-17,-0.2564
2012-10-18,-0.2562
2012-10-19,-0.2561
2012-10-20,-0.2541
2012-10-21,-0.2507
2012-10-22,-0.2506
2012-10-23,-0.2512
2012-10-24,-0.2512
2012-10-25,-0.2517
2012-10-26,-0.2516
2012-10-27,-0.252
2012-10-28,-0.255
2012-10-29,-0.2572
2012-10-30,-0.2589
2012-10-31,-0.2593
2012-11-01,-0.2601
2012-11-02,-0.2615
2012-11-03,-0.2618
2012-11-04,-0.2616
2012-11-05,-0.2618
2012-11-06,-0.2622
2012-11-07,-0.2628
2012-11-08,-0.264
2012-11-09,-0.2647
2012-11-10,-0.2653
2012-11-11,-0.2657
2012-11-12,-0.2655
2012-11-13,-0.2657
2012-11-14,-0.2663
2012-11-15,-0.2676
2012-11-16,-0.2685
2012-11-17,-0.2682
2012-11-18,-0.2684
2012-11-19,-0.2697
2012-11-20,-0.2706
2012-11-21,-0.2705
2012-11-22,-0.2709
2012-11-23,-0.2717
2012-11-24,-0.2717
2012-11-25,-0.2738
2012-11-26,-0.2743
2012-11-27,-0.2732
2012-11-28,-0.272
2012-11-29,-0.2732
2012-11-30,-0.2741
2012-12-01,-0.2717
2012-12-02,-0.2738
2012-12-03,-0.275
2012-12-04,-0.275
2012-12-05,-0.2757
2012-12-06,-0.2766
2012-12-07,-0.2775
2012-12-08,-0.2792
2012-12-09,-0.2792
2012-12-10,-0.2768
2012-12-11,-0.2779
2012-12-12,-0.279
2012-12-13,-0.2817
2012-12-14,-0.2825
2012-12-15,-0.283
2012-12-16,-0.2855
2012-12-17,-0.2849
2012-12-18,-0.2842
2012-12-19,-0.2835
2012-12-20,-0.2889
2012-12-21,-0.2918
2012-12-22,-0.2908
2012-12-23,-0.2932
2012-12-24,-0.2992
2012-12-25,-0.3031
2012-12-26,-0.303
2012-12-27,-0.3018
2012-12-28,-0.3073
2012-12-29,-0.3216
2012-12-30,-0.3331
2012-12-31,-0.3467
2013-01-01,-0.3549
2013-01-02,-0.3697
2013-01-03,-0.4029
2013-01-04,-0.4335
2013-01-05,-0.4653
2013-01-06,-0.5045
2013-01-07,-0.5826
2013-01-08,-0.6856
2013-01-09,-0.7668
2013-01-10,-0.8394
2013-01-11,-0.9035
2013-01-12,-1.0308
2013-01-13,-1.1047
2013-01-14,-1.24
2013-01-15,-1.3546
2013-01-16,-1.398
2013-01-17,-1.5166
2013-01-18,-1.4904
2013-01-19,-1.5313
2013-01-20,-1.5531
2013-01-21,-1.6271
2013-01-22,-1.6747
2013-01-23,-1.7586
2013-01-24,-1.8382
2013-01-25,-1.9514
2013-01-26,-2.0351
2013-01-27,-2.0813
2013-01-28,-2.1238
2013-01-29,-2.2261
2013-01-30,-2.3106
2013-01-31,-2.3589
2013-02-01,-2.3841
2013-02-02,-2.4184
2013-02-03,-2.4479
2013-02-04,-2.5362
2013-02-05,-2.5476
2013-02-06,-2.5817
2013-02-07,-2.6818
2013-02-08,-2.7174
2013-02-09,-2.78
2013-02-10,-2.7844
2013-02-11,-2.7949
2013-02-12,-2.8199
2013-02-13,-2.9128
2013-02-14,-2.885
2013-02-15,-2.9052
2013-02-16,-2.9574
2013-02-17,-3.0372
2013-02-18,-3.0595
2013-02-19,-2.9697
2013-02-20,-2.9211
2013-02-21,-3.0317
2013-02-22,-3.0437
2013-02-23,-3.0798
2013-02-24,-3.1489
2013-02-25,-3.1548
2013-02-26,-3.1709
2013-02-27,-3.1648
2013-02-28,-3.1966
2013-03-01,-3.238
2013-03-02,-3.2333
2013-03-03,-3.0999
2013-03-04,-3.1178
2013-03-05,-3.2709
2013-03-06,-3.2418
2013-03-07,-3.1814
2013-03-08,-3.1416
2013-03-09,-3.1355
2013-03-10,-3.1403
2013-03-11,-3.1665
2013-03-12,-3.2873
2013-03-13,-3.3965
2013-03-14,-3.357
2013-03-15,-3.3482
2013-03-16,-3.3526
2013-03-17,-3.3353
2013-03-18,-3.349
2013-03-19,-3.3977
2013-03-20,-3.4449
2013-03-21,-3.4509
2013-03-22,-3.4282
2013-03-23,-3.3763
2013-03-24,-3.2574
2013-03-25,-3.2182
2013-03-26,-3.2902
2013-03-27,-3.3369
2013-03-28,-3.3612
2013-03-29,-3.2834
2013-03-30,-3.2189
2013-03-31,-3.2026
2013-04-01,-3.2557
2013-04-02,-3.2538
2013-04-03,-3.2409
2013-04-04,-3.306
2013-04-05,-3.3125
2013-04-06,-3.2397
2013-04-07,-3.2957
2013-04-08,-3.4108
2013-04-09,-3.4861
2013-04-10,-3.4598
2013-04-11,-3.4279
2013-04-12,-3.4379
2013-04-13,-3.3842
2013-04-14,-3.4191
2013-04-15,-3.5207
2013-04-16,-3.459
2013-04-17,-3.3976
2013-04-18,-3.4365
2013-04-19,-3.4221
2013-04-20,-2.6367
2013-04-21,-2.3594
2013-04-22,-2.5098
2013-04-23,-2.9359
2013-04-24,-3.3135
2013-04-25,-3.4273
2013-04-26,-3.6611
2013-04-27,-3.736
2013-04-28,-3.7862
2013-04-29,-3.8025
2013-04-30,-3.7605
2013-05-01,-3.6482
2013-05-02,-3.6138
2013-05-03,-3.3548
2013-05-04,-1.6834
2013-05-05,-0.6071
2013-05-06,-0.8138
2013-05-07,-1.6115
2013-05-08,-2.5062
2013-05-09,-3.9491
2013-05-10,-4.0848
2013-05-11,-3.9683
2013-05-12,-3.8051
2013-05-13,-3.7113
2013-05-14,-3.7054
2013-05-15,-3.7656
2013-05-16,-3.8124
2013-05-17,-3.8126
2013-05-18,-3.8213
2013-05-19,-3.7528
2013-05-20,-3.6585
2013-05-21,-3.5829
2013-05-22,-2.158
2013-05-23,-1.0814
2013-05-24,-0.9191
2013-05-25,-0.9621
2013-05-26,-0.3829
2013-05-27,-0.3699
2013-05-28,-0.3594
2013-05-29,-0.4021
2013-05-30,-0.2514
2013-05-31,-0.2521
2013-06-01,-0.2546
2013-06-02,-0.2528
2013-06-03,-0.2526
2013-06-04,-0.2548
2013-06-05,-0.252
2013-06-06,-0.2533
2013-06-07,-0.252
2013-06-08,-0.2536
2013-06-09,-0.2557
2013-06-10,-0.2575
2013-06-11,-0.2529
2013-06-12,-0.2552
2013-06-13,-0.2578
2013-06-14,-0.2545
2013-06-15,-0.2555
2013-06-16,-0.2545
2013-06-17,-0.2563
2013-06-18,-0.258
2013-06-19,-0.2592
2013-06-20,-0.2565
2013-06-21,-0.2574
2013-06-22,-0.258
2013-06-23,-0.2583
2013-06-24,-0.2608
2013-06-25,-0.2616
2013-06-26,-0.2628
2013-06-27,-0.2633
2013-06-28,-0.2646
2013-06-29,-0.2654
2013-06-30,-0.2535
2013-07-01,-0.254
2013-07-02,-0.2544
2013-07-03,-0.253
2013-07-04,-0.2509
2013-07-05,-0.2508
2013-07-06,-0.2535
2013-07-07,-0.2565
2013-07-08,-0.2568
2013-07-09,-0.2579
2013-07-10,-0.258
2013-07-11,-0.2581
2013-07-12,-0.2553
2013-07-13,-0.2558
2013-07-14,-0.2578
2013-07-15,-0.2584
2013-07-16,-0.2596
2013-07-17,-0.2609
2013-07-18,-0.2618
2013-07-19,-0.2612
2013-07-20,-0.2613
2013-07-21,-0.2619
2013-07-22,-0.2628
2013-07-23,-0.2514
2013-07-24,-0.2555
2013-07-25,-0.2581
2013-07-26,-0.2593
2013-07-27,-0.2591
2013-07-28,-0.2608
2013-07-29,-0.2527
2013-07-30,-0.2547
2013-07-31,-0.2579
2013-08-01,-0.2572
2013-08-02,-0.2579
2013-08-03,-0.26
2013-08-04,-0.2567
2013-08-05,-0.2564
2013-08-06,-0.2604
2013-08-07,-0.2615
2013-08-08,-0.2627
2013-08-09,-0.2629
2013-08-10,-0.2621
2013-08-11,-0.2624
2013-08-12,-0.2625
2013-08-13,-0.2575
2013-08-14,-0.254
2013-08-15,-0.2572
2013-08-16,-0.2598
2013-08-17,-0.2567
2013-08-18,-0.254
2013-08-19,-0.2532
2013-08-20,-0.2547
2013-08-21,-0.2554
2013-08-22,-0.2561
2013-08-23,-0.2525
2013-08-24,-0.2536
2013-08-25,-0.2568
2013-08-26,-0.256
2013-08-27,-0.2575
2013-08-28,-0.2543
2013-08-29,-0.255
2013-08-30,-0.2549
2013-08-31,-0.2539
2013-09-01,-0.2532
2013-09-02,-0.2562
2013-09-03,-0.2533
2013-09-04,-0.2542
2013-09-05,-0.2555
2013-09-06,-0.2562
2013-09-07,-0.2517
2013-09-08,-0.2533
2013-09-09,-0.2545
2013-09-10,-0.2559
2013-09-11,-0.2526
2013-09-12,-0.2514
2013-09-13,-0.2535
2013-09-14,-0.2539
2013-09-15,-0.2553
2013-09-16,-0.2547
2013-09-17,-0.2547
2013-09-18,-0.2542
2013-09-19,-0.2532
2013-09-20,-0.2547
2013-09-21,-0.2567
2013-09-22,-0.2544
2013-09-23,-0.2522
2013-09-24,-0.2532
2013-09-25,-0.2556
2013-09-26,-0.2558
2013-09-27,-0.2562
2013-09-28,-0.2565
2013-09-29,-0.2551
2013-09-30,-0.2556
2013-10-01,-0.2527
2013-10-02,-0.2536
2013-10-03,-0.2543
2013-10-04,-0.2543
2013-10-05,-0.2546
2013-10-06,-0.2556
2013-10-07,-0.2539
2013-10-08,-0.2545
2013-10-09,-0.2563
2013-10-10,-0.2575
2013-10-11,-0.2595
2013-10-12,-0.2528
2013-10-13,-0.2551
2013-10-14,-0.2568
2013-10-15,-0.26
2013-10-16,-0.2555
2013-10-17,-0.2528
2013-10-18,-0.252
2013-10-19,-0.2546
2013-10-20,-0.2559
2013-10-21,-0.2557
2013-10-22,-0.2572
2013-10-23,-0.2544
2013-10-24,-0.255
2013-10-25,-0.255
2013-10-26,-0.2573
2013-10-27,-0.2563
2013-10-28,-0.256
2013-10-29,-0.2557
2013-10-30,-0.2573
2013-10-31,-0.2598
2013-11-01,-0.2589
2013-11-02,-0.2614
2013-11-03,-0.2616
2013-11-04,-0.2616
2013-11-05,-0.2617
2013-11-06,-0.2627
2013-11-07,-0.2585
2013-11-08,-0.2576
2013-11-09,-0.254
2013-11-10,-0.2547
2013-11-11,-0.256
2013-11-12,-0.2581
2013-11-13,-0.2595
2013-11-14,-0.2613
2013-11-15,-0.2607
2013-11-16,-0.2592
2013-11-17,-0.2604
2013-11-18,-0.2626
2013-11-19,-0.263
2013-11-20,-0.2639
2013-11-21,-0.2645
2013-11-22,-0.2651
2013-11-23,-0.2653
2013-11-24,-0.2661
2013-11-25,-0.2668
2013-11-26,-0.2673
2013-11-27,-0.2675
2013-11-28,-0.268
2013-11-29,-0.2695
2013-11-30,-0.2702
2013-12-01,-0.2695
2013-12-02,-0.271
2013-12-03,-0.2704
2013-12-04,-0.2703
2013-12-05,-0.2702
2013-12-06,-0.271
2013-12-07,-0.2722
2013-12-08,-0.2725
2013-12-09,-0.2733
2013-12-10,-0.2741
2013-12-11,-0.2736
2013-12-12,-0.2749
2013-12-13,-0.2754
2013-12-14,-0.2761
2013-12-15,-0.2766
2013-12-16,-0.2756
2013-12-17,-0.2762
2013-12-18,-0.2776
2013-12-19,-0.2788
2013-12-20,-0.2794
2013-12-21,-0.2796
2013-12-22,-0.2798
2013-12-23,-0.2803
2013-12-24,-0.2821
2013-12-25,-0.2821
2013-12-26,-0.2825
2013-12-27,-0.2849
2013-12-28,-0.2839
2013-12-29,-0.2853
2013-12-30,-0.2855
2013-12-31,-0.2882
