# Palo Verde MODIS MCD15A3H leaf area index (4-day, 500 m; ORNL DAAC subset around 10.35 N, 85.35 W),
# 2009-2013: the median of the 5 x 5 pixels (median_all_5x5), the median of those whose QC is
# main algorithm and clear sky (median_mainalg_clear), and that share of the pixels (frac_good).
date,median_all_5x5,median_mainalg_clear,frac_good
2009-01-01,3.3000000000000003,3.3000000000000003,1.0
2009-01-05,2.1,2.1,1.0
2009-01-09,2.1,2.1,1.0
2009-01-13,1.8,1.4,0.76
2009-01-17,2.0,2.1,0.88
2009-01-21,1.7000000000000002,1.7000000000000002,1.0
2009-01-25,2.1,2.1,0.96
2009-01-29,1.8,1.8,1.0
2009-02-02,1.9,1.9,1.0
2009-02-06,1.8,1.8,1.0
2009-02-10,1.7000000000000002,1.7000000000000002,0.92
2009-02-14,1.5,1.5,1.0
2009-02-18,1.4,1.4,0.96
2009-02-22,1.4,1.4,0.76
2009-02-26,1.5,1.5,1.0
2009-03-02,1.4,1.4,1.0
2009-03-06,1.4,1.4,1.0
2009-03-10,1.4,1.4,1.0
2009-03-14,1.4,1.4,1.0
2009-03-18,1.4,1.4,1.0
2009-03-22,1.3,1.3,1.0
2009-03-26,1.4,1.4,0.84
2009-03-30,1.4,1.4,0.96
2009-04-03,1.5,1.5,1.0
2009-04-07,1.3,1.3,0.88
2009-04-11,1.7000000000000002,1.7000000000000002,0.92
2009-04-15,1.6,1.65,0.96
2009-04-19,1.6,1.6,0.84
2009-04-23,1.5,1.65,0.8
2009-04-27,1.5,1.5,0.96
2009-05-01,1.0,1.05,0.08
2009-05-05,1.2000000000000002,0.55,0.16
2009-05-09,1.1,,0.0
2009-05-13,2.1,4.45,0.48
2009-05-17,3.3000000000000003,0.8,0.24
2009-05-21,4.1000000000000005,4.6000000000000005,0.92
2009-05-25,4.3,4.5,0.48
2009-05-29,2.0,0.6000000000000001,0.24
2009-06-02,2.6,1.3,0.52
2009-06-06,4.7,4.7,0.8
2009-06-10,0.4,,0.0
2009-06-14,4.800000000000001,4.800000000000001,0.96
2009-06-18,2.4000000000000004,,0.0
2009-06-22,1.7000000000000002,0.9,0.04
2009-06-26,5.5,2.45,0.4
2009-06-30,3.6,1.9,0.2
2009-07-04,4.3,2.05,0.32
2009-07-08,4.800000000000001,4.8500000000000005,0.96
2009-07-12,4.9,4.9,1.0
2009-07-16,1.1,,0.0
2009-07-20,1.9,,0.0
2009-07-24,4.6000000000000005,4.6000000000000005,1.0
2009-07-28,5.0,4.15,0.64
2009-08-01,4.2,4.2,1.0
2009-08-05,4.9,1.9,0.04
2009-08-09,4.5,4.4,0.84
2009-08-13,2.6,2.3500000000000005,0.4
2009-08-17,4.9,3.5,0.52
2009-08-21,4.6000000000000005,4.6000000000000005,1.0
2009-08-25,0.5,,0.0
2009-08-29,1.9,2.0,0.12
2009-09-02,5.300000000000001,5.300000000000001,1.0
2009-09-06,5.0,2.4000000000000004,0.52
2009-09-10,2.2,2.2,0.6
2009-09-14,5.1000000000000005,2.8000000000000003,0.8
2009-09-18,2.5,5.4,0.2
2009-09-22,0.9,,0.0
2009-09-26,5.0,5.0,0.96
2009-09-30,4.800000000000001,4.6,0.72
2009-10-04,3.2,1.9,0.4
2009-10-08,5.300000000000001,5.300000000000001,0.84
2009-10-12,4.2,1.55,0.16
2009-10-16,1.5,1.5,0.08
2009-10-20,2.2,1.9,0.44
2009-10-24,4.6000000000000005,3.0,0.68
2009-10-28,4.5,1.65,0.48
2009-11-01,5.0,4.9,0.56
2009-11-05,1.7000000000000002,1.7000000000000002,0.48
2009-11-09,5.1000000000000005,5.1000000000000005,1.0
2009-11-13,4.6000000000000005,2.25,0.48
2009-11-17,4.4,4.4,0.92
2009-11-21,4.800000000000001,4.800000000000001,1.0
2009-11-25,4.1000000000000005,3.8000000000000007,0.64
2009-11-29,3.4000000000000004,3.4000000000000004,1.0
2009-12-03,4.5,4.6,0.88
2009-12-07,4.5,4.5,1.0
2009-12-11,4.7,4.7,1.0
2009-12-15,4.3,3.95,0.88
2009-12-19,0.8,0.8,0.32
2009-12-23,2.1,2.1,1.0
2009-12-27,4.5,4.5,1.0
2009-12-31,2.2,2.2,1.0
2010-01-01,2.2,2.2,1.0
2010-01-05,2.4000000000000004,2.4000000000000004,1.0
2010-01-09,1.5,1.4,0.76
2010-01-13,2.0,2.0,1.0
2010-01-17,1.9,1.9,1.0
2010-01-21,1.6,1.6,0.96
2010-01-25,1.3,1.35,0.8
2010-01-29,1.6,1.6,1.0
2010-02-02,1.5,1.5,1.0
2010-02-06,1.6,1.6,0.8
2010-02-10,1.2000000000000002,1.2000000000000002,0.96
2010-02-14,1.4,1.4,1.0
2010-02-18,1.2000000000000002,1.3,0.72
2010-02-22,1.4,1.4,0.88
2010-02-26,1.1,0.7000000000000001,0.04
2010-03-02,1.3,1.3,1.0
2010-03-06,1.1,1.1,1.0
2010-03-10,0.7000000000000001,0.75,0.16
2010-03-14,1.0,1.0,0.84
2010-03-18,1.2000000000000002,1.2000000000000002,1.0
2010-03-22,1.1,1.1,0.88
2010-03-26,1.2000000000000002,1.2000000000000002,1.0
2010-03-30,1.1,1.1,0.92
2010-04-03,1.2000000000000002,1.2000000000000002,0.88
2010-04-07,1.2000000000000002,1.2000000000000002,0.84
2010-04-11,0.6000000000000001,,0.0
2010-04-15,1.2000000000000002,0.7000000000000001,0.28
2010-04-19,1.3,1.3,0.8
2010-04-23,0.9,,0.0
2010-04-27,0.7000000000000001,,0.0
2010-05-01,1.0,1.1,0.44
2010-05-05,2.3000000000000003,2.3000000000000003,0.96
2010-05-09,4.7,4.7,0.92
2010-05-13,3.6,5.300000000000001,0.44
2010-05-17,2.7,0.95,0.32
2010-05-21,0.9,,0.0
2010-05-25,0.1,,0.0
2010-05-29,5.1000000000000005,5.35,0.48
2010-06-02,1.6,1.0,0.2
2010-06-06,0.3,,0.0
2010-06-10,2.2,1.3,0.2
2010-06-14,5.1000000000000005,1.85,0.4
2010-06-18,1.0,,0.0
2010-06-22,4.4,3.1500000000000004,0.56
2010-06-26,1.1,1.1,0.2
2010-06-30,2.2,2.2,0.48
2010-07-04,1.5,0.9,0.16
2010-07-08,1.0,0.5,0.04
2010-07-12,0.8,,0.0
2010-07-16,0.2,,0.0
2010-07-20,3.7,2.5,0.72
2010-07-24,4.9,2.4000000000000004,0.2
2010-07-28,4.4,2.3500000000000005,0.4
2010-08-01,2.3000000000000003,1.5,0.12
2010-08-05,1.3,3.2,0.16
2010-08-09,1.5,1.7000000000000002,0.72
2010-08-13,1.7000000000000002,1.7000000000000002,0.28
2010-08-17,4.800000000000001,2.2,0.08
2010-08-21,4.2,3.1,0.68
2010-08-25,1.6,2.95,0.16
2010-08-29,5.2,2.3000000000000003,0.32
2010-09-02,1.9,,0.0
2010-09-06,5.0,3.9,0.6
2010-09-10,1.4,1.4,0.44
2010-09-14,1.4,1.4,0.4
2010-09-18,1.7000000000000002,5.1000000000000005,0.24
2010-09-22,1.1,1.15,0.8
2010-09-26,0.4,,0.0
2010-09-30,2.6,2.6,0.6
2010-10-04,5.1000000000000005,4.1000000000000005,0.64
2010-10-08,3.4000000000000004,2.0500000000000003,0.48
2010-10-12,3.3000000000000003,4.6000000000000005,0.88
2010-10-16,3.2,1.3,0.04
2010-10-20,1.1,2.6500000000000004,0.08
2010-10-24,5.5,5.5,0.88
2010-10-28,1.9,3.55,0.64
2010-11-01,0.8,1.4,0.04
2010-11-05,4.9,4.9,1.0
2010-11-09,4.9,4.9,1.0
2010-11-13,4.6000000000000005,4.6000000000000005,1.0
2010-11-17,4.5,2.85,0.72
2010-11-21,1.2000000000000002,1.9,0.08
2010-11-25,0.7000000000000001,0.7000000000000001,0.48
2010-11-29,1.5,4.800000000000001,0.24
2010-12-03,4.5,4.5,1.0
2010-12-07,4.6000000000000005,4.6000000000000005,1.0
2010-12-11,2.1,2.1,1.0
2010-12-15,4.6000000000000005,4.6000000000000005,0.92
2010-12-19,1.9,1.9,1.0
2010-12-23,2.4000000000000004,2.4000000000000004,1.0
2010-12-27,2.6,2.6,1.0
2010-12-31,2.8000000000000003,2.8000000000000003,0.92
2011-01-01,3.0,3.05,0.96
2011-01-05,2.0,2.0,1.0
2011-01-09,2.4000000000000004,2.4000000000000004,1.0
2011-01-13,1.8,1.8,1.0
2011-01-17,2.0,2.0,1.0
2011-01-21,1.6,1.6,1.0
2011-01-25,1.9,1.9,0.96
2011-01-29,1.9,1.9,0.96
2011-02-02,2.1,2.1,1.0
2011-02-06,1.5,1.5,1.0
2011-02-10,2.0,2.0,1.0
2011-02-14,1.6,1.65,0.88
2011-02-18,1.8,1.8,1.0
2011-02-22,1.2000000000000002,1.2000000000000002,1.0
2011-02-26,1.7000000000000002,1.7000000000000002,1.0
2011-03-02,1.4,1.4,1.0
2011-03-06,1.8,1.8,1.0
2011-03-10,1.4,1.4,0.92
2011-03-14,1.9,1.9,1.0
2011-03-18,1.6,1.6,1.0
2011-03-22,1.1,1.1,1.0
2011-03-26,1.6,1.6,0.88
2011-03-30,1.6,1.6,1.0
2011-04-03,1.6,1.6,0.84
2011-04-07,1.6,1.6,0.96
2011-04-11,1.4,1.4,1.0
2011-04-15,1.6,1.6,0.96
2011-04-19,1.6,1.6,1.0
2011-04-23,1.0,1.0,0.96
2011-04-27,1.4,1.4,1.0
2011-05-01,2.1,2.1,1.0
2011-05-05,1.2000000000000002,0.8500000000000001,0.4
2011-05-09,0.9,,0.0
2011-05-13,0.7000000000000001,0.7000000000000001,0.12
2011-05-17,1.7000000000000002,1.6,0.8
2011-05-21,1.7000000000000002,1.65,0.32
2011-05-25,2.3000000000000003,1.5,0.52
2011-05-29,4.4,1.2000000000000002,0.28
2011-06-02,4.9,1.35,0.4
2011-06-06,5.1000000000000005,1.9,0.32
2011-06-10,2.5,1.4,0.4
2011-06-14,1.2000000000000002,0.9,0.08
2011-06-18,2.0,1.8,0.36
2011-06-22,4.800000000000001,3.5500000000000007,0.64
2011-06-26,4.6000000000000005,4.3,0.8
2011-06-30,1.3,1.3,0.16
2011-07-04,1.1,,0.0
2011-07-08,2.9000000000000004,4.9,0.4
2011-07-12,0.5,,0.0
2011-07-16,4.6000000000000005,4.4,0.84
2011-07-20,5.0,4.15,0.72
2011-07-24,2.0,3.05,0.32
2011-07-28,0.8,,0.0
2011-08-01,4.3,2.6,0.8
2011-08-05,4.1000000000000005,2.5,0.68
2011-08-09,5.6000000000000005,5.6000000000000005,0.52
2011-08-13,2.4000000000000004,0.9,0.2
2011-08-17,2.0,4.1000000000000005,0.68
2011-08-21,4.7,2.1,0.44
2011-08-25,5.2,1.65,0.16
2011-08-29,0.7000000000000001,,0.0
2011-09-02,1.2000000000000002,0.7000000000000001,0.08
2011-09-06,1.1,0.9,0.4
2011-09-10,4.9,4.9,0.92
2011-09-14,4.4,2.05,0.32
2011-09-18,4.4,4.35,0.88
2011-09-22,5.300000000000001,5.3500000000000005,0.96
2011-09-26,3.2,4.3,0.2
2011-09-30,1.7000000000000002,1.7000000000000002,0.2
2011-10-04,2.8000000000000003,,0.0
2011-10-08,5.2,5.800000000000001,0.8
2011-10-12,0.4,,0.0
2011-10-16,0.3,,0.0
2011-10-20,1.0,,0.0
2011-10-24,1.9,1.85,0.56
2011-10-28,0.4,,0.0
2011-11-01,5.0,5.0,1.0
2011-11-05,4.9,4.9,1.0
2011-11-09,4.7,4.7,1.0
2011-11-13,0.3,,0.0
2011-11-17,4.800000000000001,4.800000000000001,1.0
2011-11-21,2.7,2.75,0.72
2011-11-25,2.2,2.2,0.92
2011-11-29,5.2,5.2,1.0
2011-12-03,4.6000000000000005,4.6000000000000005,0.96
2011-12-07,4.9,4.9,1.0
2011-12-11,1.6,1.75,0.4
2011-12-15,2.9000000000000004,2.9000000000000004,1.0
2011-12-19,4.5,4.5,1.0
2011-12-23,2.5,2.5,1.0
2011-12-27,4.4,4.4,1.0
2011-12-31,1.9,1.9,1.0
2012-01-01,1.7000000000000002,1.7000000000000002,1.0
2012-01-05,2.9000000000000004,2.9000000000000004,1.0
2012-01-09,2.4000000000000004,2.4000000000000004,1.0
2012-01-13,2.3000000000000003,2.3000000000000003,1.0
2012-01-17,1.8,1.8,1.0
2012-01-21,2.2,2.2,1.0
2012-01-25,2.2,2.2,1.0
2012-01-29,2.1,2.1,1.0
2012-02-02,1.4,1.65,0.32
2012-02-06,2.0,2.0,1.0
2012-02-10,2.0,2.0,1.0
2012-02-14,1.9,1.9,1.0
2012-02-18,1.6,1.6,1.0
2012-02-22,1.6,1.6,1.0
2012-02-26,1.6,1.6,1.0
2012-03-01,1.6,1.6,1.0
2012-03-05,1.4,1.4,1.0
2012-03-09,1.6,1.6,1.0
2012-03-13,1.4,1.4,1.0
2012-03-17,1.5,1.5,0.92
2012-03-21,1.2000000000000002,1.2000000000000002,1.0
2012-03-25,1.4,1.4,0.96
2012-03-29,1.2000000000000002,1.2000000000000002,0.96
2012-04-02,0.5,,0.0
2012-04-06,1.0,0.9,0.48
2012-04-10,1.2000000000000002,1.4,0.92
2012-04-14,1.3,1.3,1.0
2012-04-18,1.3,1.4,0.76
2012-04-22,1.6,1.6,1.0
2012-04-26,1.6,0.6500000000000001,0.16
2012-04-30,1.7000000000000002,2.2,0.4
2012-05-04,1.3,1.5,0.52
2012-05-08,2.5,2.5,1.0
2012-05-12,1.0,,0.0
2012-05-16,2.2,4.550000000000001,0.72
2012-05-20,1.2000000000000002,1.0,0.68
2012-05-24,5.0,5.0,1.0
2012-05-28,1.7000000000000002,1.6,0.52
2012-06-01,4.2,1.7000000000000002,0.16
2012-06-05,4.9,4.9,1.0
2012-06-09,0.6000000000000001,,0.0
2012-06-13,2.1,1.8,0.92
2012-06-17,5.2,5.2,0.6
2012-06-21,4.4,1.9,0.44
2012-06-25,2.4000000000000004,3.6,0.76
2012-06-29,4.800000000000001,2.6,0.6
2012-07-03,4.4,1.8,0.28
2012-07-07,1.9,,0.0
2012-07-11,5.2,4.800000000000001,0.6
2012-07-15,5.2,5.300000000000001,0.92
2012-07-19,2.1,,0.0
2012-07-23,4.3,1.7000000000000002,0.04
2012-07-27,1.2000000000000002,,0.0
2012-07-31,4.3,2.1500000000000004,0.56
2012-08-04,4.6000000000000005,4.6000000000000005,0.88
2012-08-08,1.7000000000000002,,0.0
2012-08-12,4.4,4.5,0.84
2012-08-16,2.3000000000000003,1.6,0.12
2012-08-20,4.9,4.9,0.84
2012-08-24,5.0,2.2,0.44
2012-08-28,1.2000000000000002,,0.0
2012-09-01,4.4,1.9,0.2
2012-09-05,5.4,5.4,0.96
2012-09-09,5.0,4.5,0.76
2012-09-13,5.4,5.4,0.92
2012-09-17,4.2,4.2,0.72
2012-09-21,2.5,3.3000000000000003,0.6
2012-09-25,2.1,3.7,0.2
2012-09-29,1.6,,0.0
2012-10-03,4.4,2.1,0.28
2012-10-07,0.9,,0.0
2012-10-11,1.2000000000000002,1.25,0.32
2012-10-15,1.7000000000000002,,0.0
2012-10-19,1.4,1.4,0.36
2012-10-23,5.4,4.0,0.64
2012-10-27,4.7,4.7,1.0
2012-10-31,4.7,4.6000000000000005,0.68
2012-11-04,4.4,4.4,0.84
2012-11-08,4.5,4.65,0.88
2012-11-12,3.7,1.9,0.2
2012-11-16,4.5,4.5,1.0
2012-11-20,5.300000000000001,5.300000000000001,0.96
2012-11-24,4.6000000000000005,4.6000000000000005,1.0
2012-11-28,0.4,,0.0
2012-12-02,4.5,4.6,0.96
2012-12-06,4.800000000000001,4.800000000000001,1.0
2012-12-10,2.1,2.1,1.0
2012-12-14,4.5,4.5,1.0
2012-12-18,2.7,2.7,1.0
2012-12-22,4.1000000000000005,3.1,0.92
2012-12-26,2.7,2.7,1.0
2012-12-30,2.5,2.5,1.0
2013-01-01,1.8,1.8,1.0
2013-01-05,2.2,2.2,1.0
2013-01-09,1.8,1.8,1.0
2013-01-13,1.8,1.8,1.0
2013-01-17,1.5,1.5,0.92
2013-01-21,1.6,1.6,1.0
2013-01-25,1.6,1.6,0.96
2013-01-29,1.6,1.6,1.0
2013-02-02,1.3,1.3,0.88
2013-02-06,1.5,1.5,1.0
2013-02-10,1.3,1.3,1.0
2013-02-14,1.4,1.4,1.0
2013-02-18,1.2000000000000002,1.2000000000000002,1.0
2013-02-22,1.2000000000000002,1.2000000000000002,1.0
2013-02-26,1.2000000000000002,1.2000000000000002,0.96
2013-03-02,1.3,1.3,0.92
2013-03-06,1.1,1.1,0.96
2013-03-10,1.2000000000000002,1.2000000000000002,1.0
2013-03-14,1.2000000000000002,1.2000000000000002,1.0
2013-03-18,1.0,1.2000000000000002,0.76
2013-03-22,0.7000000000000001,0.8,0.32
2013-03-26,1.2000000000000002,1.2000000000000002,1.0
2013-03-30,1.2000000000000002,1.2000000000000002,1.0
2013-04-03,0.8,1.3,0.68
2013-04-07,1.0,1.1,0.92
2013-04-11,1.2000000000000002,1.2000000000000002,0.8
2013-04-15,1.1,1.1,0.76
2013-04-19,1.0,1.25,0.72
2013-04-23,1.1,1.1,1.0
2013-04-27,1.1,1.1,0.92
2013-05-01,1.1,1.1,1.0
2013-05-05,1.4,1.4,1.0
2013-05-09,1.7000000000000002,1.1,0.36
2013-05-13,1.3,1.4,0.92
2013-05-17,2.7,3.95,0.56
2013-05-21,1.5,5.550000000000001,0.08
2013-05-25,4.3,4.9,0.36
2013-05-29,4.800000000000001,4.800000000000001,0.88
2013-06-02,1.0,,0.0
2013-06-06,2.1,4.8500000000000005,0.72
2013-06-10,1.9,,0.0
2013-06-14,1.1,1.1,0.2
2013-06-18,0.7000000000000001,,0.0
2013-06-22,1.4,,0.0
2013-06-26,3.8,1.4,0.32
2013-06-30,2.5,1.6,0.4
2013-07-04,5.2,2.6,0.6
2013-07-08,0.5,,0.0
2013-07-12,4.9,4.6000000000000005,0.84
2013-07-16,4.5,2.1,0.28
2013-07-20,2.4000000000000004,2.5500000000000003,0.32
2013-07-24,1.3,1.4,0.2
2013-07-28,2.2,2.2,0.64
2013-08-01,5.1000000000000005,2.5,0.12
2013-08-05,4.9,4.9,0.96
2013-08-09,2.8000000000000003,2.2,0.64
2013-08-13,5.1000000000000005,4.25,0.72
2013-08-17,2.3000000000000003,1.8000000000000005,0.56
2013-08-21,1.2000000000000002,,0.0
2013-08-25,4.7,4.9,0.64
2013-08-29,5.0,2.2,0.4
2013-09-02,5.300000000000001,4.7,0.64
2013-09-06,3.4000000000000004,2.3000000000000003,0.44
2013-09-10,5.5,2.0,0.48
2013-09-14,2.3000000000000003,2.0,0.28
2013-09-18,4.1000000000000005,2.3000000000000003,0.28
2013-09-22,1.2000000000000002,,0.0
2013-09-26,4.5,2.0,0.44
2013-09-30,2.4000000000000004,2.3000000000000003,0.76
2013-10-04,2.1,1.9,0.44
2013-10-08,5.4,5.4,0.88
2013-10-12,6.2,2.3500000000000005,0.56
2013-10-16,0.7000000000000001,1.1,0.04
2013-10-20,4.800000000000001,4.800000000000001,0.84
2013-10-24,1.9,1.5,0.48
2013-10-28,4.9,4.9,1.0
2013-11-01,5.1000000000000005,4.2,0.88
2013-11-05,2.3000000000000003,2.3000000000000003,1.0
2013-11-09,4.800000000000001,2.9000000000000004,0.04
2013-11-13,4.0,4.1000000000000005,0.84
2013-11-17,4.3,4.3,1.0
2013-11-21,4.9,4.9,1.0
2013-11-25,4.800000000000001,4.800000000000001,1.0
2013-11-29,4.9,4.7,0.92
2013-12-03,3.4000000000000004,3.4000000000000004,1.0
2013-12-07,3.7,3.7,1.0
2013-12-11,4.5,4.5,1.0
2013-12-15,2.4000000000000004,1.7000000000000002,0.6
2013-12-19,4.3,2.4000000000000004,0.8
2013-12-23,4.6000000000000005,4.6000000000000005,1.0
2013-12-27,4.6000000000000005,4.6000000000000005,1.0
2013-12-31,3.2,3.2,1.0
