pft,ba_tot,ba_pft,recruitment
1,0,0,0.00133763
1,0,5,0.00154964
1,0,10,0.0015165
1,0,15,0.00154369
1,0,20,0.00155369
1,0,25,0.00154039
1,0,30,0.00154646
1,0,35,0.00154646
1,0,40,0.00154646
1,0,45,0.00154646
1,0,50,0.00155148
1,0,55,0.00155148
1,0,60,0.00155148
1,0,65,0.00155148
1,0,70,0.00155807
1,0,75,0.00155807
1,0,80,0.00155807
1,0,85,0.00155807
1,0,90,0.00155807
1,0,95,0.00155807
1,0,100,0.00155807
1,0,105,0.00155807
1,0,110,0.00155807
1,5,0,0.00133763
1,5,5,0.00154964
1,5,10,0.0015165
1,5,15,0.00154369
1,5,20,0.00155369
1,5,25,0.00154039
1,5,30,0.00154646
1,5,35,0.00154646
1,5,40,0.00154646
1,5,45,0.00154646
1,5,50,0.00155148
1,5,55,0.00155148
1,5,60,0.00155148
1,5,65,0.00155148
1,5,70,0.00155807
1,5,75,0.00155807
1,5,80,0.00155807
1,5,85,0.00155807
1,5,90,0.00155807
1,5,95,0.00155807
1,5,100,0.00155807
1,5,105,0.00155807
1,5,110,0.00155807
1,10,0,0.00133763
1,10,5,0.00154964
1,10,10,0.0015165
1,10,15,0.00154369
1,10,20,0.00155369
1,10,25,0.00154039
1,10,30,0.00154646
1,10,35,0.00154646
1,10,40,0.00154646
1,10,45,0.00154646
1,10,50,0.00155148
1,10,55,0.00155148
1,10,60,0.00155148
1,10,65,0.00155148
1,10,70,0.00155807
1,10,75,0.00155807
1,10,80,0.00155807
1,10,85,0.00155807
1,10,90,0.00155807
1,10,95,0.00155807
1,10,100,0.00155807
1,10,105,0.00155807
1,10,110,0.00155807
1,15,0,0.000976384
1,15,5,0.00115463
1,15,10,0.00111891
1,15,15,0.00119254
1,15,20,0.00120316
1,15,25,0.00118921
1,15,30,0.00119707
1,15,35,0.00120194
1,15,40,0.00120376
1,15,45,0.00120376
1,15,50,0.00121505
1,15,55,0.00121877
1,15,60,0.00121877
1,15,65,0.00121877
1,15,70,0.00122537
1,15,75,0.00122537
1,15,80,0.00122537
1,15,85,0.00122537
1,15,90,0.00122537
1,15,95,0.00122537
1,15,100,0.00122537
1,15,105,0.00122537
1,15,110,0.00122537
1,20,0,0.000707547
1,20,5,0.000683254
1,20,10,0.000603292
1,20,15,0.000935947
1,20,20,0.00101109
1,20,25,0.000944328
1,20,30,0.000990398
1,20,35,0.00102102
1,20,40,0.00103029
1,20,45,0.00103185
1,20,50,0.001064
1,20,55,0.00106313
1,20,60,0.00106667
1,20,65,0.0010705
1,20,70,0.00108108
1,20,75,0.00108108
1,20,80,0.00108108
1,20,85,0.00108108
1,20,90,0.00108108
1,20,95,0.00108108
1,20,100,0.00108108
1,20,105,0.00108108
1,20,110,0.00108108
1,25,0,0.000769983
1,25,5,0.000579339
1,25,10,0.000704873
1,25,15,0.00102251
1,25,20,0.00110153
1,25,25,0.00102719
1,25,30,0.00107102
1,25,35,0.00110164
1,25,40,0.00110269
1,25,45,0.00110425
1,25,50,0.00111798
1,25,55,0.00111711
1,25,60,0.00112065
1,25,65,0.00112492
1,25,70,0.00113834
1,25,75,0.00113834
1,25,80,0.00113834
1,25,85,0.00113834
1,25,90,0.00113834
1,25,95,0.00113834
1,25,100,0.00113834
1,25,105,0.00113834
1,25,110,0.00113834
1,30,0,0.000896244
1,30,5,0.000731053
1,30,10,0.00071885
1,30,15,0.000994951
1,30,20,0.00109409
1,30,25,0.00102794
1,30,30,0.00107336
1,30,35,0.00112034
1,30,40,0.00113195
1,30,45,0.00113352
1,30,50,0.0011626
1,30,55,0.00116329
1,30,60,0.00116273
1,30,65,0.00117022
1,30,70,0.00118921
1,30,75,0.00118921
1,30,80,0.00118921
1,30,85,0.00118921
1,30,90,0.00118921
1,30,95,0.00118921
1,30,100,0.00118921
1,30,105,0.00118921
1,30,110,0.00118921
1,35,0,0.000833849
1,35,5,0.0006231
1,35,10,0.000862296
1,35,15,0.00102919
1,35,20,0.000996199
1,35,25,0.000929407
1,35,30,0.000990441
1,35,35,0.00104405
1,35,40,0.00105629
1,35,45,0.00105786
1,35,50,0.00109961
1,35,55,0.0010981
1,35,60,0.00110133
1,35,65,0.00110419
1,35,70,0.0011291
1,35,75,0.00113063
1,35,80,0.00113063
1,35,85,0.00113063
1,35,90,0.00113063
1,35,95,0.00113063
1,35,100,0.00113063
1,35,105,0.00113063
1,35,110,0.00113063
1,40,0,0.000845065
1,40,5,0.000579776
1,40,10,0.000788585
1,40,15,0.000990424
1,40,20,0.000931222
1,40,25,0.000887699
1,40,30,0.000975516
1,40,35,0.00102586
1,40,40,0.00105361
1,40,45,0.00105518
1,40,50,0.00110469
1,40,55,0.00110318
1,40,60,0.0011077
1,40,65,0.00111383
1,40,70,0.00113815
1,40,75,0.00113969
1,40,80,0.00113969
1,40,85,0.00113969
1,40,90,0.00113969
1,40,95,0.00113969
1,40,100,0.00113969
1,40,105,0.00113969
1,40,110,0.00113969
1,45,0,0.000931881
1,45,5,0.000694996
1,45,10,0.000887351
1,45,15,0.00112653
1,45,20,0.00100283
1,45,25,0.000949529
1,45,30,0.00104444
1,45,35,0.00111359
1,45,40,0.00116317
1,45,45,0.00116407
1,45,50,0.00120417
1,45,55,0.00119697
1,45,60,0.00119402
1,45,65,0.00119514
1,45,70,0.00121479
1,45,75,0.00121614
1,45,80,0.00121614
1,45,85,0.00121614
1,45,90,0.00121614
1,45,95,0.00121614
1,45,100,0.00121614
1,45,105,0.00121614
1,45,110,0.00121614
1,50,0,0.000982786
1,50,5,0.000772999
1,50,10,0.000955291
1,50,15,0.00115348
1,50,20,0.000847009
1,50,25,0.000757981
1,50,30,0.000825307
1,50,35,0.00089958
1,50,40,0.000963971
1,50,45,0.000995201
1,50,50,0.00108872
1,50,55,0.00108228
1,50,60,0.00108573
1,50,65,0.00109246
1,50,70,0.00112299
1,50,75,0.00112668
1,50,80,0.00112668
1,50,85,0.00112668
1,50,90,0.00112668
1,50,95,0.00112668
1,50,100,0.00112668
1,50,105,0.00112668
1,50,110,0.00112668
1,55,0,0.000934159
1,55,5,0.000733933
1,55,10,0.000900702
1,55,15,0.0010501
1,55,20,0.000778356
1,55,25,0.000689785
1,55,30,0.000723361
1,55,35,0.00079514
1,55,40,0.000870841
1,55,45,0.000908723
1,55,50,0.00102581
1,55,55,0.00101776
1,55,60,0.00102427
1,55,65,0.00102545
1,55,70,0.00105627
1,55,75,0.00105995
1,55,80,0.00105995
1,55,85,0.00105995
1,55,90,0.00105995
1,55,95,0.00105995
1,55,100,0.00105995
1,55,105,0.00105995
1,55,110,0.00105995
1,60,0,0.000864592
1,60,5,0.000675838
1,60,10,0.000843504
1,60,15,0.00096597
1,60,20,0.000696099
1,60,25,0.000620755
1,60,30,0.000636996
1,60,35,0.000666141
1,60,40,0.000742664
1,60,45,0.000779766
1,60,50,0.000934742
1,60,55,0.000934208
1,60,60,0.000950518
1,60,65,0.000951833
1,60,70,0.000996942
1,60,75,0.00100104
1,60,80,0.00100104
1,60,85,0.00100104
1,60,90,0.00100104
1,60,95,0.00100104
1,60,100,0.00100104
1,60,105,0.00100104
1,60,110,0.00100104
1,65,0,0.000836129
1,65,5,0.000646207
1,65,10,0.000806454
1,65,15,0.000909409
1,65,20,0.000640376
1,65,25,0.000563716
1,65,30,0.000569692
1,65,35,0.000585429
1,65,40,0.000659759
1,65,45,0.000696861
1,65,50,0.000859478
1,65,55,0.000863605
1,65,60,0.000892492
1,65,65,0.000908565
1,65,70,0.000967548
1,65,75,0.000971648
1,65,80,0.000971648
1,65,85,0.000971648
1,65,90,0.000971648
1,65,95,0.000971648
1,65,100,0.000971648
1,65,105,0.000971648
1,65,110,0.000971648
1,70,0,0.000803955
1,70,5,0.000607321
1,70,10,0.000745921
1,70,15,0.000833797
1,70,20,0.000586673
1,70,25,0.00052495
1,70,30,0.000524724
1,70,35,0.000515107
1,70,40,0.000538253
1,70,45,0.000575355
1,70,50,0.000737972
1,70,55,0.000742099
1,70,60,0.000772647
1,70,65,0.000801381
1,70,70,0.000870895
1,70,75,0.000875179
1,70,80,0.000875179
1,70,85,0.000875179
1,70,90,0.000875179
1,70,95,0.000875179
1,70,100,0.000875179
1,70,105,0.000875179
1,70,110,0.000875179
1,75,0,0.00080111
1,75,5,0.000607484
1,75,10,0.000741619
1,75,15,0.000829705
1,75,20,0.000586322
1,75,25,0.000524599
1,75,30,0.000524373
1,75,35,0.000514756
1,75,40,0.000530735
1,75,45,0.000567837
1,75,50,0.000730454
1,75,55,0.00073458
1,75,60,0.000765129
1,75,65,0.000793863
1,75,70,0.000864154
1,75,75,0.000868438
1,75,80,0.000868438
1,75,85,0.000868438
1,75,90,0.000868438
1,75,95,0.000868438
1,75,100,0.000868438
1,75,105,0.000868438
1,75,110,0.000868438
1,80,0,0.00080111
1,80,5,0.000607484
1,80,10,0.000741619
1,80,15,0.000829705
1,80,20,0.000586805
1,80,25,0.000528619
1,80,30,0.000528393
1,80,35,0.000518777
1,80,40,0.000534755
1,80,45,0.000572198
1,80,50,0.000734815
1,80,55,0.000738941
1,80,60,0.00076949
1,80,65,0.000798224
1,80,70,0.000868515
1,80,75,0.000872799
1,80,80,0.000872799
1,80,85,0.000872799
1,80,90,0.000872799
1,80,95,0.000872799
1,80,100,0.000872799
1,80,105,0.000872799
1,80,110,0.000872799
1,85,0,0.000810828
1,85,5,0.000623805
1,85,10,0.000759088
1,85,15,0.000870484
1,85,20,0.000654381
1,85,25,0.000596195
1,85,30,0.000598686
1,85,35,0.000601558
1,85,40,0.00061737
1,85,45,0.000646981
1,85,50,0.000809598
1,85,55,0.000813724
1,85,60,0.000844273
1,85,65,0.000873007
1,85,70,0.000943298
1,85,75,0.000947582
1,85,80,0.000947582
1,85,85,0.000947582
1,85,90,0.000947582
1,85,95,0.000947582
1,85,100,0.000947582
1,85,105,0.000947582
1,85,110,0.000947582
1,90,0,0.000829397
1,90,5,0.000648489
1,90,10,0.000785405
1,90,15,0.000900871
1,90,20,0.000688319
1,90,25,0.000628223
1,90,30,0.000630715
1,90,35,0.000637034
1,90,40,0.000656405
1,90,45,0.000687666
1,90,50,0.000852653
1,90,55,0.00085678
1,90,60,0.000887329
1,90,65,0.000916063
1,90,70,0.000986354
1,90,75,0.000990638
1,90,80,0.000990638
1,90,85,0.000990638
1,90,90,0.000990638
1,90,95,0.000990638
1,90,100,0.000990638
1,90,105,0.000990638
1,90,110,0.000990638
1,95,0,0.000829397
1,95,5,0.000648489
1,95,10,0.000785405
1,95,15,0.000900871
1,95,20,0.000688319
1,95,25,0.000628223
1,95,30,0.000630715
1,95,35,0.000637034
1,95,40,0.000656405
1,95,45,0.000687666
1,95,50,0.000852653
1,95,55,0.00085678
1,95,60,0.000887329
1,95,65,0.000916063
1,95,70,0.000986354
1,95,75,0.000990638
1,95,80,0.000990638
1,95,85,0.000990638
1,95,90,0.000990638
1,95,95,0.000990638
1,95,100,0.000990638
1,95,105,0.000990638
1,95,110,0.000990638
1,100,0,0.000829397
1,100,5,0.000648489
1,100,10,0.000785405
1,100,15,0.000900871
1,100,20,0.000688319
1,100,25,0.000628223
1,100,30,0.000630715
1,100,35,0.000637034
1,100,40,0.000656405
1,100,45,0.000687666
1,100,50,0.000852653
1,100,55,0.00085678
1,100,60,0.000887329
1,100,65,0.000916063
1,100,70,0.000986354
1,100,75,0.000990638
1,100,80,0.000990638
1,100,85,0.000990638
1,100,90,0.000990638
1,100,95,0.000990638
1,100,100,0.000990638
1,100,105,0.000990638
1,100,110,0.000990638
1,105,0,0.000829397
1,105,5,0.000648489
1,105,10,0.000785405
1,105,15,0.000900871
1,105,20,0.000688319
1,105,25,0.000628223
1,105,30,0.000630715
1,105,35,0.000637034
1,105,40,0.000656405
1,105,45,0.000687666
1,105,50,0.000852653
1,105,55,0.00085678
1,105,60,0.000887329
1,105,65,0.000916063
1,105,70,0.000986354
1,105,75,0.000990638
1,105,80,0.000990638
1,105,85,0.000990638
1,105,90,0.000990638
1,105,95,0.000990638
1,105,100,0.000990638
1,105,105,0.000990638
1,105,110,0.000990638
1,110,0,0.000829397
1,110,5,0.000648489
1,110,10,0.000785405
1,110,15,0.000900871
1,110,20,0.000688319
1,110,25,0.000628223
1,110,30,0.000630715
1,110,35,0.000637034
1,110,40,0.000656405
1,110,45,0.000687666
1,110,50,0.000852653
1,110,55,0.00085678
1,110,60,0.000887329
1,110,65,0.000916063
1,110,70,0.000986354
1,110,75,0.000990638
1,110,80,0.000990638
1,110,85,0.000990638
1,110,90,0.000990638
1,110,95,0.000990638
1,110,100,0.000990638
1,110,105,0.000990638
1,110,110,0.000990638
2,0,0,0.0046349
2,0,5,0.00461021
2,0,10,0.00478597
2,0,15,0.00492518
2,0,20,0.00493543
2,0,25,0.00492319
2,0,30,0.00492319
2,0,35,0.00492319
2,0,40,0.00492319
2,0,45,0.00492319
2,0,50,0.00492319
2,0,55,0.00492319
2,0,60,0.00492319
2,0,65,0.00492319
2,0,70,0.00492319
2,0,75,0.00492319
2,0,80,0.00492319
2,0,85,0.00492319
2,0,90,0.00492319
2,0,95,0.00492319
2,0,100,0.00492319
2,0,105,0.00492319
2,0,110,0.00492319
2,5,0,0.0046349
2,5,5,0.00461021
2,5,10,0.00478597
2,5,15,0.00492518
2,5,20,0.00493543
2,5,25,0.00492319
2,5,30,0.00492319
2,5,35,0.00492319
2,5,40,0.00492319
2,5,45,0.00492319
2,5,50,0.00492319
2,5,55,0.00492319
2,5,60,0.00492319
2,5,65,0.00492319
2,5,70,0.00492319
2,5,75,0.00492319
2,5,80,0.00492319
2,5,85,0.00492319
2,5,90,0.00492319
2,5,95,0.00492319
2,5,100,0.00492319
2,5,105,0.00492319
2,5,110,0.00492319
2,10,0,0.0046349
2,10,5,0.00461021
2,10,10,0.00478597
2,10,15,0.00492518
2,10,20,0.00493543
2,10,25,0.00492319
2,10,30,0.00492319
2,10,35,0.00492319
2,10,40,0.00492319
2,10,45,0.00492319
2,10,50,0.00492319
2,10,55,0.00492319
2,10,60,0.00492319
2,10,65,0.00492319
2,10,70,0.00492319
2,10,75,0.00492319
2,10,80,0.00492319
2,10,85,0.00492319
2,10,90,0.00492319
2,10,95,0.00492319
2,10,100,0.00492319
2,10,105,0.00492319
2,10,110,0.00492319
2,15,0,0.00445567
2,15,5,0.00394521
2,15,10,0.00441707
2,15,15,0.00462608
2,15,20,0.00468383
2,15,25,0.00466596
2,15,30,0.00466596
2,15,35,0.00466596
2,15,40,0.00466596
2,15,45,0.00466596
2,15,50,0.00466596
2,15,55,0.00466596
2,15,60,0.00466596
2,15,65,0.00466596
2,15,70,0.00466596
2,15,75,0.00466596
2,15,80,0.00466596
2,15,85,0.00466596
2,15,90,0.00466596
2,15,95,0.00466596
2,15,100,0.00466596
2,15,105,0.00466596
2,15,110,0.00466596
2,20,0,0.0041178
2,20,5,0.00328366
2,20,10,0.00318147
2,20,15,0.00374216
2,20,20,0.00459619
2,20,25,0.00419923
2,20,30,0.00426395
2,20,35,0.00427524
2,20,40,0.00427524
2,20,45,0.00427524
2,20,50,0.00427524
2,20,55,0.00427524
2,20,60,0.00427524
2,20,65,0.00427524
2,20,70,0.00427524
2,20,75,0.00427524
2,20,80,0.00427524
2,20,85,0.00427524
2,20,90,0.00427524
2,20,95,0.00427524
2,20,100,0.00427524
2,20,105,0.00427524
2,20,110,0.00427524
2,25,0,0.00430378
2,25,5,0.00406707
2,25,10,0.00303538
2,25,15,0.00322868
2,25,20,0.00439438
2,25,25,0.0039194
2,25,30,0.00401189
2,25,35,0.00402318
2,25,40,0.00402318
2,25,45,0.00402318
2,25,50,0.00402318
2,25,55,0.00402318
2,25,60,0.00402318
2,25,65,0.00402318
2,25,70,0.00402318
2,25,75,0.00402318
2,25,80,0.00402318
2,25,85,0.00402318
2,25,90,0.00402318
2,25,95,0.00402318
2,25,100,0.00402318
2,25,105,0.00402318
2,25,110,0.00402318
2,30,0,0.00384445
2,30,5,0.00347784
2,30,10,0.00330398
2,30,15,0.00328467
2,30,20,0.00460081
2,30,25,0.00405735
2,30,30,0.00418562
2,30,35,0.00419691
2,30,40,0.00419691
2,30,45,0.00419691
2,30,50,0.00419691
2,30,55,0.00419691
2,30,60,0.00419691
2,30,65,0.00419691
2,30,70,0.00419691
2,30,75,0.00419691
2,30,80,0.00419691
2,30,85,0.00419691
2,30,90,0.00419691
2,30,95,0.00419691
2,30,100,0.00419691
2,30,105,0.00419691
2,30,110,0.00419691
2,35,0,0.00345826
2,35,5,0.0035042
2,35,10,0.00294952
2,35,15,0.00325233
2,35,20,0.00405672
2,35,25,0.00345981
2,35,30,0.00365095
2,35,35,0.00366223
2,35,40,0.00366223
2,35,45,0.00366223
2,35,50,0.00366223
2,35,55,0.00366223
2,35,60,0.00366223
2,35,65,0.00366223
2,35,70,0.00366223
2,35,75,0.00366223
2,35,80,0.00366223
2,35,85,0.00366223
2,35,90,0.00366223
2,35,95,0.00366223
2,35,100,0.00366223
2,35,105,0.00366223
2,35,110,0.00366223
2,40,0,0.00334292
2,40,5,0.0034226
2,40,10,0.00278491
2,40,15,0.00282064
2,40,20,0.00345063
2,40,25,0.00261371
2,40,30,0.00291908
2,40,35,0.00293453
2,40,40,0.00293453
2,40,45,0.00293453
2,40,50,0.00293453
2,40,55,0.00293453
2,40,60,0.00293453
2,40,65,0.00293453
2,40,70,0.00293453
2,40,75,0.00293453
2,40,80,0.00293453
2,40,85,0.00293453
2,40,90,0.00293453
2,40,95,0.00293453
2,40,100,0.00293453
2,40,105,0.00293453
2,40,110,0.00293453
2,45,0,0.00347089
2,45,5,0.00365999
2,45,10,0.00335454
2,45,15,0.00318703
2,45,20,0.00364166
2,45,25,0.00279105
2,45,30,0.00307861
2,45,35,0.00309227
2,45,40,0.00309227
2,45,45,0.00309227
2,45,50,0.00309227
2,45,55,0.00309227
2,45,60,0.00309227
2,45,65,0.00309227
2,45,70,0.00309227
2,45,75,0.00309227
2,45,80,0.00309227
2,45,85,0.00309227
2,45,90,0.00309227
2,45,95,0.00309227
2,45,100,0.00309227
2,45,105,0.00309227
2,45,110,0.00309227
2,50,0,0.00323472
2,50,5,0.00331846
2,50,10,0.00347389
2,50,15,0.00330767
2,50,20,0.00387178
2,50,25,0.00319856
2,50,30,0.00346297
2,50,35,0.00347663
2,50,40,0.00347663
2,50,45,0.00347663
2,50,50,0.00347663
2,50,55,0.00347663
2,50,60,0.00347663
2,50,65,0.00347663
2,50,70,0.00347663
2,50,75,0.00347663
2,50,80,0.00347663
2,50,85,0.00347663
2,50,90,0.00347663
2,50,95,0.00347663
2,50,100,0.00347663
2,50,105,0.00347663
2,50,110,0.00347663
2,55,0,0.00326824
2,55,5,0.00336224
2,55,10,0.00354786
2,55,15,0.00332891
2,55,20,0.00378713
2,55,25,0.00317987
2,55,30,0.00343196
2,55,35,0.00344561
2,55,40,0.00344561
2,55,45,0.00344561
2,55,50,0.00344561
2,55,55,0.00344561
2,55,60,0.00344561
2,55,65,0.00344561
2,55,70,0.00344561
2,55,75,0.00344561
2,55,80,0.00344561
2,55,85,0.00344561
2,55,90,0.00344561
2,55,95,0.00344561
2,55,100,0.00344561
2,55,105,0.00344561
2,55,110,0.00344561
2,60,0,0.00312578
2,60,5,0.00313255
2,60,10,0.00317433
2,60,15,0.00296489
2,60,20,0.00344064
2,60,25,0.00292271
2,60,30,0.00317197
2,60,35,0.00318563
2,60,40,0.00318563
2,60,45,0.00318563
2,60,50,0.00318563
2,60,55,0.00318563
2,60,60,0.00318563
2,60,65,0.00318563
2,60,70,0.00318563
2,60,75,0.00318563
2,60,80,0.00318563
2,60,85,0.00318563
2,60,90,0.00318563
2,60,95,0.00318563
2,60,100,0.00318563
2,60,105,0.00318563
2,60,110,0.00318563
2,65,0,0.00282835
2,65,5,0.00276332
2,65,10,0.00282261
2,65,15,0.00261928
2,65,20,0.0030952
2,65,25,0.00264953
2,65,30,0.00289204
2,65,35,0.00290569
2,65,40,0.00290569
2,65,45,0.00290569
2,65,50,0.00290569
2,65,55,0.00290569
2,65,60,0.00290569
2,65,65,0.00290569
2,65,70,0.00290569
2,65,75,0.00290569
2,65,80,0.00290569
2,65,85,0.00290569
2,65,90,0.00290569
2,65,95,0.00290569
2,65,100,0.00290569
2,65,105,0.00290569
2,65,110,0.00290569
2,70,0,0.00273143
2,70,5,0.00267068
2,70,10,0.00270201
2,70,15,0.00248665
2,70,20,0.00297527
2,70,25,0.00255384
2,70,30,0.00280263
2,70,35,0.00281628
2,70,40,0.00281628
2,70,45,0.00281628
2,70,50,0.00281628
2,70,55,0.00281628
2,70,60,0.00281628
2,70,65,0.00281628
2,70,70,0.00281628
2,70,75,0.00281628
2,70,80,0.00281628
2,70,85,0.00281628
2,70,90,0.00281628
2,70,95,0.00281628
2,70,100,0.00281628
2,70,105,0.00281628
2,70,110,0.00281628
2,75,0,0.00272259
2,75,5,0.00263908
2,75,10,0.00263524
2,75,15,0.00243722
2,75,20,0.00295836
2,75,25,0.00254106
2,75,30,0.00277433
2,75,35,0.00278799
2,75,40,0.00278799
2,75,45,0.00278799
2,75,50,0.00278799
2,75,55,0.00278799
2,75,60,0.00278799
2,75,65,0.00278799
2,75,70,0.00278799
2,75,75,0.00278799
2,75,80,0.00278799
2,75,85,0.00278799
2,75,90,0.00278799
2,75,95,0.00278799
2,75,100,0.00278799
2,75,105,0.00278799
2,75,110,0.00278799
2,80,0,0.00272259
2,80,5,0.00265245
2,80,10,0.00265218
2,80,15,0.00245416
2,80,20,0.0029753
2,80,25,0.00255228
2,80,30,0.00278555
2,80,35,0.00279921
2,80,40,0.00279921
2,80,45,0.00279921
2,80,50,0.00279921
2,80,55,0.00279921
2,80,60,0.00279921
2,80,65,0.00279921
2,80,70,0.00279921
2,80,75,0.00279921
2,80,80,0.00279921
2,80,85,0.00279921
2,80,90,0.00279921
2,80,95,0.00279921
2,80,100,0.00279921
2,80,105,0.00279921
2,80,110,0.00279921
2,85,0,0.00315064
2,85,5,0.00310559
2,85,10,0.00311083
2,85,15,0.00291288
2,85,20,0.00334739
2,85,25,0.00291476
2,85,30,0.00313968
2,85,35,0.00315333
2,85,40,0.00315333
2,85,45,0.00315333
2,85,50,0.00315333
2,85,55,0.00315333
2,85,60,0.00315333
2,85,65,0.00315333
2,85,70,0.00315333
2,85,75,0.00315333
2,85,80,0.00315333
2,85,85,0.00315333
2,85,90,0.00315333
2,85,95,0.00315333
2,85,100,0.00315333
2,85,105,0.00315333
2,85,110,0.00315333
2,90,0,0.00317802
2,90,5,0.00313298
2,90,10,0.00313458
2,90,15,0.00294105
2,90,20,0.00337556
2,90,25,0.00294293
2,90,30,0.00316784
2,90,35,0.0031815
2,90,40,0.0031815
2,90,45,0.0031815
2,90,50,0.0031815
2,90,55,0.0031815
2,90,60,0.0031815
2,90,65,0.0031815
2,90,70,0.0031815
2,90,75,0.0031815
2,90,80,0.0031815
2,90,85,0.0031815
2,90,90,0.0031815
2,90,95,0.0031815
2,90,100,0.0031815
2,90,105,0.0031815
2,90,110,0.0031815
2,95,0,0.00317802
2,95,5,0.00313298
2,95,10,0.00313458
2,95,15,0.00294105
2,95,20,0.00337556
2,95,25,0.00294293
2,95,30,0.00316784
2,95,35,0.0031815
2,95,40,0.0031815
2,95,45,0.0031815
2,95,50,0.0031815
2,95,55,0.0031815
2,95,60,0.0031815
2,95,65,0.0031815
2,95,70,0.0031815
2,95,75,0.0031815
2,95,80,0.0031815
2,95,85,0.0031815
2,95,90,0.0031815
2,95,95,0.0031815
2,95,100,0.0031815
2,95,105,0.0031815
2,95,110,0.0031815
2,100,0,0.00317802
2,100,5,0.00313298
2,100,10,0.00313458
2,100,15,0.00294105
2,100,20,0.00337556
2,100,25,0.00294293
2,100,30,0.00316784
2,100,35,0.0031815
2,100,40,0.0031815
2,100,45,0.0031815
2,100,50,0.0031815
2,100,55,0.0031815
2,100,60,0.0031815
2,100,65,0.0031815
2,100,70,0.0031815
2,100,75,0.0031815
2,100,80,0.0031815
2,100,85,0.0031815
2,100,90,0.0031815
2,100,95,0.0031815
2,100,100,0.0031815
2,100,105,0.0031815
2,100,110,0.0031815
2,105,0,0.00317802
2,105,5,0.00313298
2,105,10,0.00313458
2,105,15,0.00294105
2,105,20,0.00337556
2,105,25,0.00294293
2,105,30,0.00316784
2,105,35,0.0031815
2,105,40,0.0031815
2,105,45,0.0031815
2,105,50,0.0031815
2,105,55,0.0031815
2,105,60,0.0031815
2,105,65,0.0031815
2,105,70,0.0031815
2,105,75,0.0031815
2,105,80,0.0031815
2,105,85,0.0031815
2,105,90,0.0031815
2,105,95,0.0031815
2,105,100,0.0031815
2,105,105,0.0031815
2,105,110,0.0031815
2,110,0,0.00317802
2,110,5,0.00313298
2,110,10,0.00313458
2,110,15,0.00294105
2,110,20,0.00337556
2,110,25,0.00294293
2,110,30,0.00316784
2,110,35,0.0031815
2,110,40,0.0031815
2,110,45,0.0031815
2,110,50,0.0031815
2,110,55,0.0031815
2,110,60,0.0031815
2,110,65,0.0031815
2,110,70,0.0031815
2,110,75,0.0031815
2,110,80,0.0031815
2,110,85,0.0031815
2,110,90,0.0031815
2,110,95,0.0031815
2,110,100,0.0031815
2,110,105,0.0031815
2,110,110,0.0031815
3,0,0,0.00692778
3,0,5,0.00703129
3,0,10,0.00775804
3,0,15,0.00791218
3,0,20,0.00800404
3,0,25,0.00812097
3,0,30,0.00800241
3,0,35,0.00787735
3,0,40,0.00787735
3,0,45,0.00787735
3,0,50,0.00787735
3,0,55,0.00787735
3,0,60,0.00787735
3,0,65,0.00787735
3,0,70,0.00787735
3,0,75,0.00787735
3,0,80,0.00787735
3,0,85,0.00787735
3,0,90,0.00787735
3,0,95,0.00787735
3,0,100,0.00787735
3,0,105,0.00787735
3,0,110,0.00787735
3,5,0,0.00692778
3,5,5,0.00703129
3,5,10,0.00775804
3,5,15,0.00791218
3,5,20,0.00800404
3,5,25,0.00812097
3,5,30,0.00800241
3,5,35,0.00787735
3,5,40,0.00787735
3,5,45,0.00787735
3,5,50,0.00787735
3,5,55,0.00787735
3,5,60,0.00787735
3,5,65,0.00787735
3,5,70,0.00787735
3,5,75,0.00787735
3,5,80,0.00787735
3,5,85,0.00787735
3,5,90,0.00787735
3,5,95,0.00787735
3,5,100,0.00787735
3,5,105,0.00787735
3,5,110,0.00787735
3,10,0,0.00692778
3,10,5,0.00703129
3,10,10,0.00775804
3,10,15,0.00791218
3,10,20,0.00800404
3,10,25,0.00812097
3,10,30,0.00800241
3,10,35,0.00787735
3,10,40,0.00787735
3,10,45,0.00787735
3,10,50,0.00787735
3,10,55,0.00787735
3,10,60,0.00787735
3,10,65,0.00787735
3,10,70,0.00787735
3,10,75,0.00787735
3,10,80,0.00787735
3,10,85,0.00787735
3,10,90,0.00787735
3,10,95,0.00787735
3,10,100,0.00787735
3,10,105,0.00787735
3,10,110,0.00787735
3,15,0,0.00697374
3,15,5,0.00708271
3,15,10,0.00743749
3,15,15,0.0077118
3,15,20,0.00782402
3,15,25,0.00800581
3,15,30,0.0078821
3,15,35,0.00774998
3,15,40,0.00774998
3,15,45,0.00774998
3,15,50,0.00774998
3,15,55,0.00774998
3,15,60,0.00774998
3,15,65,0.00774998
3,15,70,0.00774998
3,15,75,0.00774998
3,15,80,0.00774998
3,15,85,0.00774998
3,15,90,0.00774998
3,15,95,0.00774998
3,15,100,0.00774998
3,15,105,0.00774998
3,15,110,0.00774998
3,20,0,0.00673076
3,20,5,0.0058558
3,20,10,0.00670057
3,20,15,0.00699038
3,20,20,0.00727108
3,20,25,0.00761218
3,20,30,0.00746949
3,20,35,0.00729602
3,20,40,0.00729602
3,20,45,0.00729602
3,20,50,0.00729602
3,20,55,0.00729602
3,20,60,0.00729602
3,20,65,0.00729602
3,20,70,0.00729602
3,20,75,0.00729602
3,20,80,0.00729602
3,20,85,0.00729602
3,20,90,0.00729602
3,20,95,0.00729602
3,20,100,0.00729602
3,20,105,0.00729602
3,20,110,0.00729602
3,25,0,0.00624998
3,25,5,0.00552391
3,25,10,0.00681506
3,25,15,0.00740617
3,25,20,0.00760857
3,25,25,0.0078918
3,25,30,0.00771403
3,25,35,0.00749145
3,25,40,0.00749145
3,25,45,0.00749145
3,25,50,0.00749145
3,25,55,0.00749145
3,25,60,0.00749145
3,25,65,0.00749145
3,25,70,0.00749145
3,25,75,0.00749145
3,25,80,0.00749145
3,25,85,0.00749145
3,25,90,0.00749145
3,25,95,0.00749145
3,25,100,0.00749145
3,25,105,0.00749145
3,25,110,0.00749145
3,30,0,0.00681792
3,30,5,0.00585579
3,30,10,0.00707742
3,30,15,0.00675189
3,30,20,0.00696505
3,30,25,0.00756989
3,30,30,0.00738258
3,30,35,0.00714156
3,30,40,0.00714156
3,30,45,0.00714156
3,30,50,0.00714156
3,30,55,0.00714156
3,30,60,0.00714156
3,30,65,0.00714156
3,30,70,0.00714156
3,30,75,0.00714156
3,30,80,0.00714156
3,30,85,0.00714156
3,30,90,0.00714156
3,30,95,0.00714156
3,30,100,0.00714156
3,30,105,0.00714156
3,30,110,0.00714156
3,35,0,0.0065664
3,35,5,0.00577556
3,35,10,0.00666313
3,35,15,0.00698576
3,35,20,0.00715904
3,35,25,0.007688
3,35,30,0.00753531
3,35,35,0.00728118
3,35,40,0.00728118
3,35,45,0.00728118
3,35,50,0.00728118
3,35,55,0.00728118
3,35,60,0.00728118
3,35,65,0.00728118
3,35,70,0.00728118
3,35,75,0.00728118
3,35,80,0.00728118
3,35,85,0.00728118
3,35,90,0.00728118
3,35,95,0.00728118
3,35,100,0.00728118
3,35,105,0.00728118
3,35,110,0.00728118
3,40,0,0.0065356
3,40,5,0.00572284
3,40,10,0.00696987
3,40,15,0.0065072
3,40,20,0.00630163
3,40,25,0.00710552
3,40,30,0.00711442
3,40,35,0.00684975
3,40,40,0.00684975
3,40,45,0.00684975
3,40,50,0.00684975
3,40,55,0.00684975
3,40,60,0.00684975
3,40,65,0.00684975
3,40,70,0.00684975
3,40,75,0.00684975
3,40,80,0.00684975
3,40,85,0.00684975
3,40,90,0.00684975
3,40,95,0.00684975
3,40,100,0.00684975
3,40,105,0.00684975
3,40,110,0.00684975
3,45,0,0.00667997
3,45,5,0.00604102
3,45,10,0.00690095
3,45,15,0.0062365
3,45,20,0.00613153
3,45,25,0.00717519
3,45,30,0.00723482
3,45,35,0.00697493
3,45,40,0.00697493
3,45,45,0.00697493
3,45,50,0.00697493
3,45,55,0.00697493
3,45,60,0.00697493
3,45,65,0.00697493
3,45,70,0.00697493
3,45,75,0.00697493
3,45,80,0.00697493
3,45,85,0.00697493
3,45,90,0.00697493
3,45,95,0.00697493
3,45,100,0.00697493
3,45,105,0.00697493
3,45,110,0.00697493
3,50,0,0.00659312
3,50,5,0.00576848
3,50,10,0.00660636
3,50,15,0.0066242
3,50,20,0.00674195
3,50,25,0.00771966
3,50,30,0.00776574
3,50,35,0.00747988
3,50,40,0.00747988
3,50,45,0.00747988
3,50,50,0.00747988
3,50,55,0.00747988
3,50,60,0.00747988
3,50,65,0.00747988
3,50,70,0.00747988
3,50,75,0.00747988
3,50,80,0.00747988
3,50,85,0.00747988
3,50,90,0.00747988
3,50,95,0.00747988
3,50,100,0.00747988
3,50,105,0.00747988
3,50,110,0.00747988
3,55,0,0.00658826
3,55,5,0.00568969
3,55,10,0.00651188
3,55,15,0.00665483
3,55,20,0.0068783
3,55,25,0.00777958
3,55,30,0.00771173
3,55,35,0.00742587
3,55,40,0.00742587
3,55,45,0.00742587
3,55,50,0.00742587
3,55,55,0.00742587
3,55,60,0.00742587
3,55,65,0.00742587
3,55,70,0.00742587
3,55,75,0.00742587
3,55,80,0.00742587
3,55,85,0.00742587
3,55,90,0.00742587
3,55,95,0.00742587
3,55,100,0.00742587
3,55,105,0.00742587
3,55,110,0.00742587
3,60,0,0.00654729
3,60,5,0.00556037
3,60,10,0.00655906
3,60,15,0.00672171
3,60,20,0.00697678
3,60,25,0.00788412
3,60,30,0.00778182
3,60,35,0.00749199
3,60,40,0.00749199
3,60,45,0.00749199
3,60,50,0.00749199
3,60,55,0.00749199
3,60,60,0.00749199
3,60,65,0.00749199
3,60,70,0.00749199
3,60,75,0.00749199
3,60,80,0.00749199
3,60,85,0.00749199
3,60,90,0.00749199
3,60,95,0.00749199
3,60,100,0.00749199
3,60,105,0.00749199
3,60,110,0.00749199
3,65,0,0.00649861
3,65,5,0.0054801
3,65,10,0.00650566
3,65,15,0.00665815
3,65,20,0.00693159
3,65,25,0.00783824
3,65,30,0.0077203
3,65,35,0.00742016
3,65,40,0.00742016
3,65,45,0.00742016
3,65,50,0.00742016
3,65,55,0.00742016
3,65,60,0.00742016
3,65,65,0.00742016
3,65,70,0.00742016
3,65,75,0.00742016
3,65,80,0.00742016
3,65,85,0.00742016
3,65,90,0.00742016
3,65,95,0.00742016
3,65,100,0.00742016
3,65,105,0.00742016
3,65,110,0.00742016
3,70,0,0.00649538
3,70,5,0.00547824
3,70,10,0.00643837
3,70,15,0.00661692
3,70,20,0.00689552
3,70,25,0.00781944
3,70,30,0.00769816
3,70,35,0.00739803
3,70,40,0.00739803
3,70,45,0.00739803
3,70,50,0.00739803
3,70,55,0.00739803
3,70,60,0.00739803
3,70,65,0.00739803
3,70,70,0.00739803
3,70,75,0.00739803
3,70,80,0.00739803
3,70,85,0.00739803
3,70,90,0.00739803
3,70,95,0.00739803
3,70,100,0.00739803
3,70,105,0.00739803
3,70,110,0.00739803
3,75,0,0.00652363
3,75,5,0.0055162
3,75,10,0.00646266
3,75,15,0.00660994
3,75,20,0.00688854
3,75,25,0.00781246
3,75,30,0.00769118
3,75,35,0.00740077
3,75,40,0.00740077
3,75,45,0.00740077
3,75,50,0.00740077
3,75,55,0.00740077
3,75,60,0.00740077
3,75,65,0.00740077
3,75,70,0.00740077
3,75,75,0.00740077
3,75,80,0.00740077
3,75,85,0.00740077
3,75,90,0.00740077
3,75,95,0.00740077
3,75,100,0.00740077
3,75,105,0.00740077
3,75,110,0.00740077
3,80,0,0.00653525
3,80,5,0.0055402
3,80,10,0.00647078
3,80,15,0.00660382
3,80,20,0.00687663
3,80,25,0.00779848
3,80,30,0.0076772
3,80,35,0.00738678
3,80,40,0.00738678
3,80,45,0.00738678
3,80,50,0.00738678
3,80,55,0.00738678
3,80,60,0.00738678
3,80,65,0.00738678
3,80,70,0.00738678
3,80,75,0.00738678
3,80,80,0.00738678
3,80,85,0.00738678
3,80,90,0.00738678
3,80,95,0.00738678
3,80,100,0.00738678
3,80,105,0.00738678
3,80,110,0.00738678
3,85,0,0.00653525
3,85,5,0.00555324
3,85,10,0.0064792
3,85,15,0.00661224
3,85,20,0.00688506
3,85,25,0.0078069
3,85,30,0.0076772
3,85,35,0.00738678
3,85,40,0.00738678
3,85,45,0.00738678
3,85,50,0.00738678
3,85,55,0.00738678
3,85,60,0.00738678
3,85,65,0.00738678
3,85,70,0.00738678
3,85,75,0.00738678
3,85,80,0.00738678
3,85,85,0.00738678
3,85,90,0.00738678
3,85,95,0.00738678
3,85,100,0.00738678
3,85,105,0.00738678
3,85,110,0.00738678
3,90,0,0.00653525
3,90,5,0.00555324
3,90,10,0.0064792
3,90,15,0.00661224
3,90,20,0.00688506
3,90,25,0.0078069
3,90,30,0.0076772
3,90,35,0.00738678
3,90,40,0.00738678
3,90,45,0.00738678
3,90,50,0.00738678
3,90,55,0.00738678
3,90,60,0.00738678
3,90,65,0.00738678
3,90,70,0.00738678
3,90,75,0.00738678
3,90,80,0.00738678
3,90,85,0.00738678
3,90,90,0.00738678
3,90,95,0.00738678
3,90,100,0.00738678
3,90,105,0.00738678
3,90,110,0.00738678
3,95,0,0.00653525
3,95,5,0.00555324
3,95,10,0.0064792
3,95,15,0.00661224
3,95,20,0.00688506
3,95,25,0.0078069
3,95,30,0.0076772
3,95,35,0.00738678
3,95,40,0.00738678
3,95,45,0.00738678
3,95,50,0.00738678
3,95,55,0.00738678
3,95,60,0.00738678
3,95,65,0.00738678
3,95,70,0.00738678
3,95,75,0.00738678
3,95,80,0.00738678
3,95,85,0.00738678
3,95,90,0.00738678
3,95,95,0.00738678
3,95,100,0.00738678
3,95,105,0.00738678
3,95,110,0.00738678
3,100,0,0.00653525
3,100,5,0.00555324
3,100,10,0.0064792
3,100,15,0.00661224
3,100,20,0.00688506
3,100,25,0.0078069
3,100,30,0.0076772
3,100,35,0.00738678
3,100,40,0.00738678
3,100,45,0.00738678
3,100,50,0.00738678
3,100,55,0.00738678
3,100,60,0.00738678
3,100,65,0.00738678
3,100,70,0.00738678
3,100,75,0.00738678
3,100,80,0.00738678
3,100,85,0.00738678
3,100,90,0.00738678
3,100,95,0.00738678
3,100,100,0.00738678
3,100,105,0.00738678
3,100,110,0.00738678
3,105,0,0.00653525
3,105,5,0.00555324
3,105,10,0.0064792
3,105,15,0.00661224
3,105,20,0.00688506
3,105,25,0.0078069
3,105,30,0.0076772
3,105,35,0.00738678
3,105,40,0.00738678
3,105,45,0.00738678
3,105,50,0.00738678
3,105,55,0.00738678
3,105,60,0.00738678
3,105,65,0.00738678
3,105,70,0.00738678
3,105,75,0.00738678
3,105,80,0.00738678
3,105,85,0.00738678
3,105,90,0.00738678
3,105,95,0.00738678
3,105,100,0.00738678
3,105,105,0.00738678
3,105,110,0.00738678
3,110,0,0.00653525
3,110,5,0.00555324
3,110,10,0.0064792
3,110,15,0.00661224
3,110,20,0.00688506
3,110,25,0.0078069
3,110,30,0.0076772
3,110,35,0.00738678
3,110,40,0.00738678
3,110,45,0.00738678
3,110,50,0.00738678
3,110,55,0.00738678
3,110,60,0.00738678
3,110,65,0.00738678
3,110,70,0.00738678
3,110,75,0.00738678
3,110,80,0.00738678
3,110,85,0.00738678
3,110,90,0.00738678
3,110,95,0.00738678
3,110,100,0.00738678
3,110,105,0.00738678
3,110,110,0.00738678
