datetime,patch,sw_in_W_m2,cas_temp_K,gpp_umol_m2_s,le_W_m2,soil_temp_top_K,leaf_temp_K,wood_temp_K
2024-07-05 00:15:00,1, 1.765397E+01, 2.897272E+02, 2.094069E+00,-3.356913E+01, 2.884047E+02, 2.897195E+02, 2.898881E+02
2024-07-05 00:45:00,1, 0.000000E+00, 2.905356E+02, 0.000000E+00,-2.984082E+01, 2.886712E+02, 2.903218E+02, 2.905346E+02
2024-07-05 01:15:00,1, 0.000000E+00, 2.910002E+02, 0.000000E+00,-2.597211E+01, 2.888838E+02, 2.907277E+02, 2.909686E+02
2024-07-05 01:45:00,1, 0.000000E+00, 2.913060E+02, 0.000000E+00,-2.237413E+01, 2.890653E+02, 2.910160E+02, 2.912598E+02
2024-07-05 02:15:00,1, 0.000000E+00, 2.915137E+02, 0.000000E+00,-1.917812E+01, 2.892241E+02, 2.912169E+02, 2.914576E+02
2024-07-05 02:45:00,1, 0.000000E+00, 2.916599E+02, 0.000000E+00,-1.641352E+01, 2.893646E+02, 2.913616E+02, 2.915972E+02
2024-07-05 03:15:00,1, 0.000000E+00, 2.917652E+02, 0.000000E+00,-1.408594E+01, 2.894904E+02, 2.914695E+02, 2.916984E+02
2024-07-05 03:45:00,1, 0.000000E+00, 2.918428E+02, 0.000000E+00,-1.216594E+01, 2.896042E+02, 2.915523E+02, 2.917735E+02
2024-07-05 04:15:00,1, 0.000000E+00, 2.918921E+02, 0.000000E+00,-1.049316E+01, 2.897069E+02, 2.916056E+02, 2.918200E+02
2024-07-05 04:45:00,1, 0.000000E+00, 2.919130E+02, 0.000000E+00,-9.038446E+00, 2.897989E+02, 2.916299E+02, 2.918381E+02
2024-07-05 05:15:00,1, 0.000000E+00, 2.919201E+02, 0.000000E+00,-7.784821E+00, 2.898820E+02, 2.916441E+02, 2.918447E+02
2024-07-05 05:45:00,1, 0.000000E+00, 2.919225E+02, 0.000000E+00,-6.708339E+00, 2.899583E+02, 2.916560E+02, 2.918480E+02
2024-07-05 06:15:00,1, 0.000000E+00, 2.919572E+02, 0.000000E+00,-6.106766E+00, 2.900451E+02, 2.917037E+02, 2.918872E+02
2024-07-05 06:45:00,1, 0.000000E+00, 2.920492E+02, 0.000000E+00,-5.924895E+00, 2.901437E+02, 2.918091E+02, 2.919857E+02
2024-07-05 07:15:00,1, 0.000000E+00, 2.920300E+02, 0.000000E+00,-5.184971E+00, 2.904719E+02, 2.917576E+02, 2.919477E+02
2024-07-05 07:45:00,1, 0.000000E+00, 2.918251E+02, 0.000000E+00,-3.944867E+00, 2.910183E+02, 2.915130E+02, 2.917190E+02
2024-07-05 08:15:00,1, 0.000000E+00, 2.916452E+02, 0.000000E+00,-2.790518E+00, 2.912765E+02, 2.913722E+02, 2.915541E+02
2024-07-05 08:45:00,1, 0.000000E+00, 2.915524E+02, 0.000000E+00,-1.691880E+00, 2.912822E+02, 2.913312E+02, 2.914795E+02
2024-07-05 09:15:00,1, 0.000000E+00, 2.915059E+02, 0.000000E+00,-9.027637E-01, 2.912171E+02, 2.913124E+02, 2.914410E+02
2024-07-05 09:45:00,1, 0.000000E+00, 2.915055E+02, 0.000000E+00,-3.766294E-01, 2.911470E+02, 2.913342E+02, 2.914491E+02
2024-07-05 10:15:00,1, 3.227350E+01, 2.922994E+02, 3.879323E+00,-1.955372E+00, 2.913612E+02, 2.923561E+02, 2.924058E+02
2024-07-05 10:45:00,1, 6.133458E+01, 2.931768E+02, 6.583111E+00,-3.461498E+00, 2.918541E+02, 2.932473E+02, 2.933779E+02
2024-07-05 11:15:00,1, 1.049643E+02, 2.943205E+02, 9.306904E+00,-3.980192E+00, 2.925676E+02, 2.944384E+02, 2.947175E+02
2024-07-05 11:45:00,1, 1.389550E+02, 2.955725E+02, 1.073456E+01,-4.338705E+00, 2.934005E+02, 2.957079E+02, 2.961111E+02
2024-07-05 12:15:00,1, 1.566392E+02, 2.966911E+02, 1.139842E+01,-1.501214E-01, 2.939546E+02, 2.968367E+02, 2.972971E+02
2024-07-05 12:45:00,1, 1.858067E+02, 2.968892E+02, 1.215713E+01, 2.741234E+01, 2.943698E+02, 2.973571E+02, 2.976462E+02
2024-07-05 13:15:00,1, 1.834358E+02, 2.970989E+02, 1.160054E+01, 3.481455E+01, 2.946930E+02, 2.975427E+02, 2.978208E+02
2024-07-05 13:45:00,1, 2.053104E+02, 2.974467E+02, 1.173648E+01, 3.848099E+01, 2.950467E+02, 2.979768E+02, 2.982986E+02
2024-07-05 14:15:00,1, 3.680365E+02, 2.985887E+02, 1.264234E+01, 6.598690E+01, 2.959218E+02, 2.999012E+02, 3.002907E+02
2024-07-05 14:45:00,1, 3.961379E+02, 2.985031E+02, 1.128710E+01, 8.318633E+01, 2.968081E+02, 3.002237E+02, 3.001794E+02
2024-07-05 15:15:00,1, 3.814378E+02, 2.990089E+02, 1.116640E+01, 6.858025E+01, 2.975268E+02, 3.005813E+02, 3.006141E+02
2024-07-05 15:45:00,1, 3.982609E+02, 2.989006E+02, 1.110345E+01, 7.118512E+01, 2.982549E+02, 3.007809E+02, 3.006218E+02
2024-07-05 16:15:00,1, 4.807068E+02, 2.994414E+02, 1.109204E+01, 7.468016E+01, 2.994324E+02, 3.017993E+02, 3.015632E+02
2024-07-05 16:45:00,1, 4.888581E+02, 2.994074E+02, 1.038630E+01, 7.363394E+01, 3.007109E+02, 3.020326E+02, 3.015119E+02
2024-07-05 17:15:00,1, 5.687982E+02, 3.001016E+02, 1.055049E+01, 8.845762E+01, 3.024846E+02, 3.030882E+02, 3.025869E+02
2024-07-05 17:45:00,1, 5.642048E+02, 3.003902E+02, 9.655350E+00, 9.985198E+01, 3.042652E+02, 3.035142E+02, 3.028383E+02
2024-07-05 18:15:00,1, 5.611640E+02, 3.008209E+02, 9.506813E+00, 9.706284E+01, 3.050470E+02, 3.039974E+02, 3.032954E+02
2024-07-05 18:45:00,1, 5.425645E+02, 3.009670E+02, 9.200139E+00, 8.634900E+01, 3.052553E+02, 3.041449E+02, 3.033630E+02
2024-07-05 19:15:00,1, 6.490780E+02, 3.015423E+02, 9.269634E+00, 9.498809E+01, 3.062594E+02, 3.050786E+02, 3.043505E+02
2024-07-05 19:45:00,1, 6.098544E+02, 3.016120E+02, 8.423333E+00, 9.308070E+01, 3.072778E+02, 3.050039E+02, 3.041718E+02
2024-07-05 20:15:00,1, 4.666407E+02, 3.015408E+02, 8.728895E+00, 8.559184E+01, 3.071846E+02, 3.041124E+02, 3.035114E+02
2024-07-05 20:45:00,1, 4.232227E+02, 3.015508E+02, 9.515379E+00, 8.544265E+01, 3.067412E+02, 3.037238E+02, 3.034104E+02
2024-07-05 21:15:00,1, 3.839009E+02, 3.014806E+02, 9.530085E+00, 8.167709E+01, 3.062572E+02, 3.033495E+02, 3.031854E+02
2024-07-05 21:45:00,1, 3.313344E+02, 3.013307E+02, 9.652989E+00, 7.520413E+01, 3.057248E+02, 3.028057E+02, 3.028015E+02
2024-07-05 22:15:00,1, 2.362634E+02, 3.007590E+02, 9.580376E+00, 5.153060E+01, 3.050450E+02, 3.017103E+02, 3.017903E+02
2024-07-05 22:45:00,1, 1.873422E+02, 3.001612E+02, 9.817026E+00, 2.624413E+01, 3.043752E+02, 3.008698E+02, 3.009893E+02
2024-07-05 23:15:00,1, 7.946260E+01, 2.994254E+02, 6.711342E+00, 1.113383E+01, 3.035400E+02, 2.996335E+02, 2.997156E+02
2024-07-05 23:45:00,1, 5.089182E+01, 2.991100E+02, 4.950588E+00, 1.004857E+01, 3.027917E+02, 2.992304E+02, 2.993366E+02
2024-07-05 00:15:00,2, 1.765397E+01, 2.897269E+02, 2.095758E+00,-3.356596E+01, 2.884047E+02, 2.897107E+02, 2.898843E+02
2024-07-05 00:45:00,2, 0.000000E+00, 2.905346E+02, 0.000000E+00,-2.983766E+01, 2.886711E+02, 2.903155E+02, 2.905324E+02
2024-07-05 01:15:00,2, 0.000000E+00, 2.909996E+02, 0.000000E+00,-2.596907E+01, 2.888837E+02, 2.907222E+02, 2.909670E+02
2024-07-05 01:45:00,2, 0.000000E+00, 2.913055E+02, 0.000000E+00,-2.237204E+01, 2.890653E+02, 2.910105E+02, 2.912582E+02
2024-07-05 02:15:00,2, 0.000000E+00, 2.915132E+02, 0.000000E+00,-1.917663E+01, 2.892241E+02, 2.912119E+02, 2.914561E+02
2024-07-05 02:45:00,2, 0.000000E+00, 2.916595E+02, 0.000000E+00,-1.641254E+01, 2.893645E+02, 2.913569E+02, 2.915958E+02
2024-07-05 03:15:00,2, 0.000000E+00, 2.917649E+02, 0.000000E+00,-1.408536E+01, 2.894903E+02, 2.914651E+02, 2.916971E+02
2024-07-05 03:45:00,2, 0.000000E+00, 2.918425E+02, 0.000000E+00,-1.216570E+01, 2.896041E+02, 2.915481E+02, 2.917722E+02
2024-07-05 04:15:00,2, 0.000000E+00, 2.918917E+02, 0.000000E+00,-1.049319E+01, 2.897068E+02, 2.916018E+02, 2.918188E+02
2024-07-05 04:45:00,2, 0.000000E+00, 2.919127E+02, 0.000000E+00,-9.038720E+00, 2.897988E+02, 2.916265E+02, 2.918370E+02
2024-07-05 05:15:00,2, 0.000000E+00, 2.919198E+02, 0.000000E+00,-7.785297E+00, 2.898820E+02, 2.916410E+02, 2.918437E+02
2024-07-05 05:45:00,2, 0.000000E+00, 2.919222E+02, 0.000000E+00,-6.708984E+00, 2.899582E+02, 2.916531E+02, 2.918470E+02
2024-07-05 06:15:00,2, 0.000000E+00, 2.919569E+02, 0.000000E+00,-6.107507E+00, 2.900450E+02, 2.917007E+02, 2.918862E+02
2024-07-05 06:45:00,2, 0.000000E+00, 2.920489E+02, 0.000000E+00,-5.925666E+00, 2.901436E+02, 2.918058E+02, 2.919847E+02
2024-07-05 07:15:00,2, 0.000000E+00, 2.920297E+02, 0.000000E+00,-5.185850E+00, 2.904718E+02, 2.917560E+02, 2.919471E+02
2024-07-05 07:45:00,2, 0.000000E+00, 2.918248E+02, 0.000000E+00,-3.945939E+00, 2.910182E+02, 2.915151E+02, 2.917194E+02
2024-07-05 08:15:00,2, 0.000000E+00, 2.916449E+02, 0.000000E+00,-2.791777E+00, 2.912764E+02, 2.913764E+02, 2.915549E+02
2024-07-05 08:45:00,2, 0.000000E+00, 2.915520E+02, 0.000000E+00,-1.693322E+00, 2.912822E+02, 2.913355E+02, 2.914802E+02
2024-07-05 09:15:00,2, 0.000000E+00, 2.915055E+02, 0.000000E+00,-9.043354E-01, 2.912170E+02, 2.913163E+02, 2.914416E+02
2024-07-05 09:45:00,2, 0.000000E+00, 2.915051E+02, 0.000000E+00,-3.782733E-01, 2.911470E+02, 2.913373E+02, 2.914495E+02
2024-07-05 10:15:00,2, 3.227350E+01, 2.922990E+02, 3.883849E+00,-1.958344E+00, 2.913612E+02, 2.923504E+02, 2.924035E+02
2024-07-05 10:45:00,2, 6.133458E+01, 2.931765E+02, 6.595971E+00,-3.463961E+00, 2.918541E+02, 2.932412E+02, 2.933744E+02
2024-07-05 11:15:00,2, 1.049643E+02, 2.943199E+02, 9.326176E+00,-3.981195E+00, 2.925674E+02, 2.944283E+02, 2.947105E+02
2024-07-05 11:45:00,2, 1.389550E+02, 2.955717E+02, 1.074808E+01,-4.337098E+00, 2.934003E+02, 2.956929E+02, 2.961022E+02
2024-07-05 12:15:00,2, 1.566392E+02, 2.966903E+02, 1.141032E+01,-1.442003E-01, 2.939542E+02, 2.968191E+02, 2.972859E+02
2024-07-05 12:45:00,2, 1.858067E+02, 2.968900E+02, 1.216584E+01, 2.742059E+01, 2.943692E+02, 2.973346E+02, 2.976324E+02
2024-07-05 13:15:00,2, 1.834358E+02, 2.970979E+02, 1.162759E+01, 3.487762E+01, 2.946924E+02, 2.975191E+02, 2.978053E+02
2024-07-05 13:45:00,2, 2.053104E+02, 2.974483E+02, 1.174666E+01, 3.846762E+01, 2.950460E+02, 2.979505E+02, 2.982831E+02
2024-07-05 14:15:00,2, 3.680365E+02, 2.985837E+02, 1.264819E+01, 6.608571E+01, 2.959208E+02, 2.998444E+02, 3.002563E+02
2024-07-05 14:45:00,2, 3.961379E+02, 2.985057E+02, 1.129374E+01, 8.315466E+01, 2.968069E+02, 3.001627E+02, 3.001502E+02
2024-07-05 15:15:00,2, 3.814378E+02, 2.990066E+02, 1.117255E+01, 6.868026E+01, 2.975255E+02, 3.005218E+02, 3.005833E+02
2024-07-05 15:45:00,2, 3.982609E+02, 2.989023E+02, 1.110865E+01, 7.120436E+01, 2.982534E+02, 3.007194E+02, 3.005913E+02
2024-07-05 16:15:00,2, 4.807068E+02, 2.994402E+02, 1.109810E+01, 7.474611E+01, 2.994307E+02, 3.017241E+02, 3.015239E+02
2024-07-05 16:45:00,2, 4.888581E+02, 2.994082E+02, 1.039372E+01, 7.369393E+01, 3.007090E+02, 3.019584E+02, 3.014766E+02
2024-07-05 17:15:00,2, 5.687982E+02, 3.001006E+02, 1.055697E+01, 8.851654E+01, 3.024826E+02, 3.030068E+02, 3.025459E+02
2024-07-05 17:45:00,2, 5.642048E+02, 3.003903E+02, 9.663762E+00, 9.992884E+01, 3.042630E+02, 3.034339E+02, 3.028008E+02
2024-07-05 18:15:00,2, 5.611640E+02, 3.008204E+02, 9.514186E+00, 9.714217E+01, 3.050447E+02, 3.039206E+02, 3.032586E+02
2024-07-05 18:45:00,2, 5.425645E+02, 3.009669E+02, 9.207637E+00, 8.642729E+01, 3.052529E+02, 3.040712E+02, 3.033278E+02
2024-07-05 19:15:00,2, 6.490780E+02, 3.015382E+02, 9.277167E+00, 9.507057E+01, 3.062572E+02, 3.050087E+02, 3.043178E+02
2024-07-05 19:45:00,2, 6.098544E+02, 3.016107E+02, 8.426284E+00, 9.311843E+01, 3.072759E+02, 3.049438E+02, 3.041445E+02
2024-07-05 20:15:00,2, 4.666407E+02, 3.015404E+02, 8.732860E+00, 8.564722E+01, 3.071830E+02, 3.040677E+02, 3.034901E+02
2024-07-05 20:45:00,2, 4.232227E+02, 3.015500E+02, 9.519892E+00, 8.547808E+01, 3.067398E+02, 3.036843E+02, 3.033894E+02
2024-07-05 21:15:00,2, 3.839009E+02, 3.014797E+02, 9.535603E+00, 8.170909E+01, 3.062558E+02, 3.033132E+02, 3.031657E+02
2024-07-05 21:45:00,2, 3.313344E+02, 3.013297E+02, 9.658224E+00, 7.522877E+01, 3.057237E+02, 3.027755E+02, 3.027842E+02
2024-07-05 22:15:00,2, 2.362634E+02, 3.007589E+02, 9.584310E+00, 5.155129E+01, 3.050441E+02, 3.016946E+02, 3.017782E+02
2024-07-05 22:45:00,2, 1.873422E+02, 3.001609E+02, 9.823181E+00, 2.625962E+01, 3.043745E+02, 3.008633E+02, 3.009781E+02
2024-07-05 23:15:00,2, 7.946260E+01, 2.994255E+02, 6.726235E+00, 1.116003E+01, 3.035394E+02, 2.996528E+02, 2.997177E+02
2024-07-05 23:45:00,2, 5.089182E+01, 2.991093E+02, 4.956238E+00, 1.008357E+01, 3.027911E+02, 2.992496E+02, 2.993356E+02
2024-07-06 00:15:00,1, 1.164283E+01, 2.986150E+02, 1.295644E+00, 5.473432E+00, 3.020748E+02, 2.986331E+02, 2.986322E+02
2024-07-06 00:45:00,1, 0.000000E+00, 2.981133E+02, 0.000000E+00, 4.583082E+00, 3.014349E+02, 2.980377E+02, 2.980713E+02
2024-07-06 01:15:00,1, 0.000000E+00, 2.976750E+02, 0.000000E+00, 3.168611E+00, 3.008939E+02, 2.976125E+02, 2.976439E+02
2024-07-06 01:45:00,1, 0.000000E+00, 2.973350E+02, 0.000000E+00, 3.702106E+00, 3.004321E+02, 2.973060E+02, 2.973176E+02
2024-07-06 02:15:00,1, 0.000000E+00, 2.970371E+02, 0.000000E+00, 4.477788E+00, 3.000295E+02, 2.970198E+02, 2.970219E+02
2024-07-06 02:45:00,1, 0.000000E+00, 2.967459E+02, 0.000000E+00, 5.176751E+00, 2.996686E+02, 2.967234E+02, 2.967269E+02
2024-07-06 03:15:00,1, 0.000000E+00, 2.964899E+02, 0.000000E+00, 4.976137E+00, 2.993439E+02, 2.964779E+02, 2.964757E+02
2024-07-06 03:45:00,1, 0.000000E+00, 2.962859E+02, 0.000000E+00, 4.367234E+00, 2.990545E+02, 2.962968E+02, 2.962810E+02
2024-07-06 04:15:00,1, 0.000000E+00, 2.961253E+02, 0.000000E+00, 3.911148E+00, 2.987948E+02, 2.961479E+02, 2.961250E+02
2024-07-06 04:45:00,1, 0.000000E+00, 2.960010E+02, 0.000000E+00, 3.595452E+00, 2.985596E+02, 2.960239E+02, 2.960021E+02
2024-07-06 05:15:00,1, 0.000000E+00, 2.958766E+02, 0.000000E+00, 4.600821E+00, 2.983781E+02, 2.959037E+02, 2.958789E+02
2024-07-06 05:45:00,1, 0.000000E+00, 2.957217E+02, 0.000000E+00, 7.354953E+00, 2.982467E+02, 2.957666E+02, 2.957275E+02
2024-07-06 06:15:00,1, 0.000000E+00, 2.956185E+02, 0.000000E+00, 4.976537E+00, 2.985557E+02, 2.956633E+02, 2.956270E+02
2024-07-06 06:45:00,1, 0.000000E+00, 2.956272E+02, 0.000000E+00, 2.028277E+00, 2.993749E+02, 2.956872E+02, 2.956489E+02
2024-07-06 07:15:00,1, 0.000000E+00, 2.957250E+02, 0.000000E+00, 1.878251E+00, 2.996100E+02, 2.958503E+02, 2.957740E+02
2024-07-06 07:45:00,1, 0.000000E+00, 2.957631E+02, 0.000000E+00, 3.109057E+00, 2.993716E+02, 2.958999E+02, 2.958080E+02
2024-07-06 08:15:00,1, 0.000000E+00, 2.957087E+02, 0.000000E+00, 4.904530E+00, 2.990627E+02, 2.958253E+02, 2.957402E+02
2024-07-06 08:45:00,1, 0.000000E+00, 2.956121E+02, 0.000000E+00, 6.756742E+00, 2.987805E+02, 2.957131E+02, 2.956374E+02
2024-07-06 09:15:00,1, 0.000000E+00, 2.954322E+02, 0.000000E+00, 7.883858E+00, 2.987141E+02, 2.955099E+02, 2.954451E+02
2024-07-06 09:45:00,1, 0.000000E+00, 2.951891E+02, 0.000000E+00, 6.334997E+00, 2.988345E+02, 2.952545E+02, 2.951942E+02
2024-07-06 10:15:00,1, 4.301793E+01, 2.955681E+02, 4.722198E+00, 4.557768E+00, 2.989188E+02, 2.958063E+02, 2.958233E+02
2024-07-06 10:45:00,1, 8.249707E+01, 2.961788E+02, 7.845782E+00, 7.311456E+00, 2.989620E+02, 2.965071E+02, 2.966045E+02
2024-07-06 11:15:00,1, 1.712255E+02, 2.967508E+02, 1.126721E+01, 2.724652E+01, 2.991642E+02, 2.974955E+02, 2.976123E+02
2024-07-06 11:45:00,1, 2.270563E+02, 2.973416E+02, 1.202935E+01, 3.547076E+01, 2.994805E+02, 2.982522E+02, 2.983710E+02
2024-07-06 12:15:00,1, 3.118854E+02, 2.979038E+02, 1.236832E+01, 5.647882E+01, 2.999990E+02, 2.992018E+02, 2.993080E+02
2024-07-06 12:45:00,1, 3.702159E+02, 2.983722E+02, 1.191885E+01, 7.465477E+01, 3.006390E+02, 2.999500E+02, 2.999722E+02
2024-07-06 13:15:00,1, 3.591649E+02, 2.985960E+02, 1.137430E+01, 7.304041E+01, 3.011395E+02, 3.001663E+02, 3.000939E+02
2024-07-06 13:45:00,1, 4.021435E+02, 2.989899E+02, 1.139737E+01, 7.478700E+01, 3.017283E+02, 3.008152E+02, 3.006836E+02
2024-07-06 14:15:00,1, 5.511315E+02, 2.998015E+02, 1.111863E+01, 8.725255E+01, 3.028729E+02, 3.023405E+02, 3.020967E+02
2024-07-06 14:45:00,1, 5.933473E+02, 3.002452E+02, 1.007968E+01, 8.688280E+01, 3.040181E+02, 3.031197E+02, 3.026208E+02
2024-07-06 15:15:00,1, 6.703916E+02, 3.010287E+02, 9.876799E+00, 9.692305E+01, 3.052632E+02, 3.042376E+02, 3.036969E+02
2024-07-06 15:45:00,1, 7.000625E+02, 3.015388E+02, 9.045606E+00, 1.054377E+02, 3.063821E+02, 3.050566E+02, 3.043122E+02
2024-07-06 16:15:00,1, 6.505479E+02, 3.018356E+02, 8.514961E+00, 9.698160E+01, 3.070437E+02, 3.052651E+02, 3.044243E+02
2024-07-06 16:45:00,1, 6.616446E+02, 3.020760E+02, 8.532983E+00, 9.355067E+01, 3.076637E+02, 3.055830E+02, 3.047388E+02
2024-07-06 17:15:00,1, 7.378877E+02, 3.025899E+02, 8.296607E+00, 9.870988E+01, 3.085941E+02, 3.063590E+02, 3.054874E+02
2024-07-06 17:45:00,1, 7.319740E+02, 3.029158E+02, 7.670812E+00, 9.758512E+01, 3.093631E+02, 3.066258E+02, 3.056432E+02
2024-07-06 18:15:00,1, 6.936654E+02, 3.030988E+02, 7.631596E+00, 1.087811E+02, 3.098390E+02, 3.064397E+02, 3.055357E+02
2024-07-06 18:45:00,1, 6.706932E+02, 3.032186E+02, 7.789864E+00, 1.255684E+02, 3.101682E+02, 3.061939E+02, 3.054603E+02
2024-07-06 19:15:00,1, 7.439575E+02, 3.036022E+02, 7.843038E+00, 1.288806E+02, 3.108719E+02, 3.066369E+02, 3.060160E+02
2024-07-06 19:45:00,1, 6.989931E+02, 3.037216E+02, 7.304901E+00, 1.191233E+02, 3.112541E+02, 3.065725E+02, 3.059395E+02
2024-07-06 20:15:00,1, 5.440387E+02, 3.033388E+02, 7.459901E+00, 1.088874E+02, 3.108743E+02, 3.055677E+02, 3.050832E+02
2024-07-06 20:45:00,1, 4.933858E+02, 3.029438E+02, 8.256522E+00, 1.075797E+02, 3.104275E+02, 3.048516E+02, 3.045916E+02
2024-07-06 21:15:00,1, 4.076035E+02, 3.023251E+02, 8.441605E+00, 9.439520E+01, 3.097783E+02, 3.038656E+02, 3.037282E+02
2024-07-06 21:45:00,1, 3.517285E+02, 3.016367E+02, 9.001459E+00, 8.118788E+01, 3.090780E+02, 3.029187E+02, 3.029062E+02
2024-07-06 22:15:00,1, 2.184833E+02, 3.006091E+02, 8.922767E+00, 6.477003E+01, 3.080986E+02, 3.013227E+02, 3.014097E+02
2024-07-06 22:45:00,1, 1.731615E+02, 2.997730E+02, 9.236158E+00, 5.506614E+01, 3.071783E+02, 3.003100E+02, 3.004736E+02
2024-07-06 23:15:00,1, 1.413726E+02, 2.990336E+02, 8.852519E+00, 5.075679E+01, 3.063279E+02, 2.994752E+02, 2.996369E+02
2024-07-06 23:45:00,1, 9.037102E+01, 2.982688E+02, 7.218902E+00, 4.192721E+01, 3.054738E+02, 2.985250E+02, 2.986475E+02
2024-07-06 00:15:00,2, 1.164283E+01, 2.986146E+02, 1.296078E+00, 5.488597E+00, 3.020743E+02, 2.986563E+02, 2.986367E+02
2024-07-06 00:45:00,2, 0.000000E+00, 2.981133E+02, 0.000000E+00, 4.583422E+00, 3.014344E+02, 2.980577E+02, 2.980758E+02
2024-07-06 01:15:00,2, 0.000000E+00, 2.976744E+02, 0.000000E+00, 3.171339E+00, 3.008933E+02, 2.976329E+02, 2.976487E+02
2024-07-06 01:45:00,2, 0.000000E+00, 2.973348E+02, 0.000000E+00, 3.700415E+00, 3.004315E+02, 2.973239E+02, 2.973217E+02
2024-07-06 02:15:00,2, 0.000000E+00, 2.970370E+02, 0.000000E+00, 4.477309E+00, 3.000290E+02, 2.970369E+02, 2.970261E+02
2024-07-06 02:45:00,2, 0.000000E+00, 2.967459E+02, 0.000000E+00, 5.176254E+00, 2.996681E+02, 2.967403E+02, 2.967310E+02
2024-07-06 03:15:00,2, 0.000000E+00, 2.964898E+02, 0.000000E+00, 4.975528E+00, 2.993434E+02, 2.964940E+02, 2.964796E+02
2024-07-06 03:45:00,2, 0.000000E+00, 2.962857E+02, 0.000000E+00, 4.366370E+00, 2.990540E+02, 2.963118E+02, 2.962846E+02
2024-07-06 04:15:00,2, 0.000000E+00, 2.961251E+02, 0.000000E+00, 3.910165E+00, 2.987943E+02, 2.961621E+02, 2.961283E+02
2024-07-06 04:45:00,2, 0.000000E+00, 2.960007E+02, 0.000000E+00, 3.594406E+00, 2.985591E+02, 2.960374E+02, 2.960051E+02
2024-07-06 05:15:00,2, 0.000000E+00, 2.958763E+02, 0.000000E+00, 4.599269E+00, 2.983777E+02, 2.959167E+02, 2.958818E+02
2024-07-06 05:45:00,2, 0.000000E+00, 2.957211E+02, 0.000000E+00, 7.351346E+00, 2.982463E+02, 2.957798E+02, 2.957302E+02
2024-07-06 06:15:00,2, 0.000000E+00, 2.956182E+02, 0.000000E+00, 4.974388E+00, 2.985553E+02, 2.956756E+02, 2.956298E+02
2024-07-06 06:45:00,2, 0.000000E+00, 2.956268E+02, 0.000000E+00, 2.029065E+00, 2.993745E+02, 2.957006E+02, 2.956520E+02
2024-07-06 07:15:00,2, 0.000000E+00, 2.957251E+02, 0.000000E+00, 1.878538E+00, 2.996096E+02, 2.958654E+02, 2.957779E+02
2024-07-06 07:45:00,2, 0.000000E+00, 2.957634E+02, 0.000000E+00, 3.109435E+00, 2.993712E+02, 2.959159E+02, 2.958123E+02
2024-07-06 08:15:00,2, 0.000000E+00, 2.957090E+02, 0.000000E+00, 4.905479E+00, 2.990624E+02, 2.958410E+02, 2.957443E+02
2024-07-06 08:45:00,2, 0.000000E+00, 2.956120E+02, 0.000000E+00, 6.757986E+00, 2.987802E+02, 2.957282E+02, 2.956411E+02
2024-07-06 09:15:00,2, 0.000000E+00, 2.954321E+02, 0.000000E+00, 7.873173E+00, 2.987138E+02, 2.955253E+02, 2.954490E+02
2024-07-06 09:45:00,2, 0.000000E+00, 2.951889E+02, 0.000000E+00, 6.333105E+00, 2.988342E+02, 2.952716E+02, 2.951985E+02
2024-07-06 10:15:00,2, 4.301793E+01, 2.955687E+02, 4.729991E+00, 4.563824E+00, 2.989186E+02, 2.958145E+02, 2.958188E+02
2024-07-06 10:45:00,2, 8.249707E+01, 2.961780E+02, 7.867857E+00, 7.316824E+00, 2.989617E+02, 2.965103E+02, 2.965996E+02
2024-07-06 11:15:00,2, 1.712255E+02, 2.967513E+02, 1.128058E+01, 2.718784E+01, 2.991644E+02, 2.974779E+02, 2.975923E+02
2024-07-06 11:45:00,2, 2.270563E+02, 2.973386E+02, 1.205296E+01, 3.550498E+01, 2.994808E+02, 2.982297E+02, 2.983512E+02
2024-07-06 12:15:00,2, 3.118854E+02, 2.979045E+02, 1.237496E+01, 5.641077E+01, 2.999995E+02, 2.991723E+02, 2.992885E+02
2024-07-06 12:45:00,2, 3.702159E+02, 2.983695E+02, 1.192805E+01, 7.470615E+01, 3.006395E+02, 2.999131E+02, 2.999488E+02
2024-07-06 13:15:00,2, 3.591649E+02, 2.985969E+02, 1.138309E+01, 7.306083E+01, 3.011395E+02, 3.001350E+02, 3.000796E+02
2024-07-06 13:45:00,2, 4.021435E+02, 2.989887E+02, 1.140290E+01, 7.484610E+01, 3.017280E+02, 3.007772E+02, 3.006647E+02
2024-07-06 14:15:00,2, 5.511315E+02, 2.998001E+02, 1.112586E+01, 8.724764E+01, 3.028725E+02, 3.022919E+02, 3.020748E+02
2024-07-06 14:45:00,2, 5.933473E+02, 3.002437E+02, 1.008972E+01, 8.693507E+01, 3.040173E+02, 3.030686E+02, 3.025988E+02
2024-07-06 15:15:00,2, 6.703916E+02, 3.010265E+02, 9.885892E+00, 9.695818E+01, 3.052623E+02, 3.041841E+02, 3.036738E+02
2024-07-06 15:45:00,2, 7.000625E+02, 3.015368E+02, 9.056432E+00, 1.055101E+02, 3.063810E+02, 3.049997E+02, 3.042885E+02
2024-07-06 16:15:00,2, 6.505479E+02, 3.018346E+02, 8.524889E+00, 9.708557E+01, 3.070422E+02, 3.052078E+02, 3.044009E+02
2024-07-06 16:45:00,2, 6.616446E+02, 3.020747E+02, 8.539959E+00, 9.362534E+01, 3.076619E+02, 3.055258E+02, 3.047151E+02
2024-07-06 17:15:00,2, 7.378877E+02, 3.025875E+02, 8.304468E+00, 9.876258E+01, 3.085923E+02, 3.063031E+02, 3.054646E+02
2024-07-06 17:45:00,2, 7.319740E+02, 3.029138E+02, 7.681383E+00, 9.767753E+01, 3.093612E+02, 3.065744E+02, 3.056225E+02
2024-07-06 18:15:00,2, 6.936654E+02, 3.030969E+02, 7.641142E+00, 1.088776E+02, 3.098370E+02, 3.063938E+02, 3.055169E+02
2024-07-06 18:45:00,2, 6.706932E+02, 3.032166E+02, 7.798078E+00, 1.256458E+02, 3.101662E+02, 3.061531E+02, 3.054435E+02
2024-07-06 19:15:00,2, 7.439575E+02, 3.035981E+02, 7.851104E+00, 1.289175E+02, 3.108702E+02, 3.066000E+02, 3.060000E+02
2024-07-06 19:45:00,2, 6.989931E+02, 3.037181E+02, 7.317193E+00, 1.192186E+02, 3.112525E+02, 3.065398E+02, 3.059248E+02
2024-07-06 20:15:00,2, 5.440387E+02, 3.033372E+02, 7.470300E+00, 1.090042E+02, 3.108727E+02, 3.055398E+02, 3.050705E+02
2024-07-06 20:45:00,2, 4.933858E+02, 3.029421E+02, 8.262077E+00, 1.076314E+02, 3.104261E+02, 3.048262E+02, 3.045796E+02
2024-07-06 21:15:00,2, 4.076035E+02, 3.023239E+02, 8.448560E+00, 9.444984E+01, 3.097770E+02, 3.038453E+02, 3.037184E+02
2024-07-06 21:45:00,2, 3.517285E+02, 3.016354E+02, 9.006862E+00, 8.122173E+01, 3.090771E+02, 3.029029E+02, 3.028972E+02
2024-07-06 22:15:00,2, 2.184833E+02, 3.006090E+02, 8.926681E+00, 6.480402E+01, 3.080978E+02, 3.013234E+02, 3.014075E+02
2024-07-06 22:45:00,2, 1.731615E+02, 2.997728E+02, 9.240189E+00, 5.508581E+01, 3.071777E+02, 3.003171E+02, 3.004717E+02
2024-07-06 23:15:00,2, 1.413726E+02, 2.990330E+02, 8.867417E+00, 5.077650E+01, 3.063277E+02, 2.994851E+02, 2.996336E+02
2024-07-06 23:45:00,2, 9.037102E+01, 2.982673E+02, 7.256217E+00, 4.204357E+01, 3.054742E+02, 2.985449E+02, 2.986454E+02
2024-07-07 00:15:00,1, 2.568156E+01, 2.975230E+02, 2.708034E+00, 2.270318E+01, 3.045941E+02, 2.976525E+02, 2.976314E+02
2024-07-07 00:45:00,1, 0.000000E+00, 2.968989E+02, 0.000000E+00, 1.506248E+01, 3.038028E+02, 2.969816E+02, 2.969174E+02
2024-07-07 01:15:00,1, 0.000000E+00, 2.963602E+02, 0.000000E+00, 1.240300E+01, 3.031291E+02, 2.964166E+02, 2.963752E+02
2024-07-07 01:45:00,1, 0.000000E+00, 2.958147E+02, 0.000000E+00, 1.052135E+01, 3.025222E+02, 2.957903E+02, 2.958014E+02
2024-07-07 02:15:00,1, 0.000000E+00, 2.952913E+02, 0.000000E+00, 7.666826E+00, 3.019930E+02, 2.952372E+02, 2.952709E+02
2024-07-07 02:45:00,1, 0.000000E+00, 2.948351E+02, 0.000000E+00, 5.172341E+00, 3.015348E+02, 2.948264E+02, 2.948318E+02
2024-07-07 03:15:00,1, 0.000000E+00, 2.944067E+02, 0.000000E+00, 6.116343E+00, 3.011063E+02, 2.944004E+02, 2.943995E+02
2024-07-07 03:45:00,1, 0.000000E+00, 2.938868E+02, 0.000000E+00, 6.821957E+00, 3.006881E+02, 2.938421E+02, 2.938575E+02
2024-07-07 04:15:00,1, 0.000000E+00, 2.933243E+02, 0.000000E+00, 6.838509E+00, 3.002769E+02, 2.932629E+02, 2.932858E+02
2024-07-07 04:45:00,1, 0.000000E+00, 2.927546E+02, 0.000000E+00, 6.731587E+00, 2.998743E+02, 2.926894E+02, 2.927122E+02
2024-07-07 05:15:00,1, 0.000000E+00, 2.922152E+02, 0.000000E+00, 6.507290E+00, 2.994839E+02, 2.921584E+02, 2.921749E+02
2024-07-07 05:45:00,1, 0.000000E+00, 2.917306E+02, 0.000000E+00, 6.264869E+00, 2.991095E+02, 2.916901E+02, 2.916964E+02
2024-07-07 06:15:00,1, 0.000000E+00, 2.913784E+02, 0.000000E+00, 4.765552E+00, 2.987610E+02, 2.913753E+02, 2.913620E+02
2024-07-07 06:45:00,1, 0.000000E+00, 2.912095E+02, 0.000000E+00, 2.494194E+00, 2.984501E+02, 2.912560E+02, 2.912175E+02
2024-07-07 07:15:00,1, 0.000000E+00, 2.910440E+02, 0.000000E+00, 2.031380E+00, 2.981639E+02, 2.910872E+02, 2.910473E+02
2024-07-07 07:45:00,1, 0.000000E+00, 2.907673E+02, 0.000000E+00, 2.838591E+00, 2.978829E+02, 2.907755E+02, 2.907511E+02
2024-07-07 08:15:00,1, 0.000000E+00, 2.904497E+02, 0.000000E+00, 3.180634E+00, 2.976052E+02, 2.904475E+02, 2.904281E+02
2024-07-07 08:45:00,1, 0.000000E+00, 2.901356E+02, 0.000000E+00, 3.168175E+00, 2.973348E+02, 2.901393E+02, 2.901153E+02
2024-07-07 09:15:00,1, 0.000000E+00, 2.898525E+02, 0.000000E+00, 3.064735E+00, 2.970745E+02, 2.898686E+02, 2.898365E+02
2024-07-07 09:45:00,1, 0.000000E+00, 2.896172E+02, 0.000000E+00, 2.910795E+00, 2.968271E+02, 2.896492E+02, 2.896076E+02
2024-07-07 10:15:00,1, 5.805026E+01, 2.905383E+02, 5.842148E+00, 1.961289E+00, 2.967472E+02, 2.908433E+02, 2.908261E+02
2024-07-07 10:45:00,1, 1.124065E+02, 2.918241E+02, 8.662254E+00, 2.398418E+00, 2.968537E+02, 2.922062E+02, 2.923471E+02
2024-07-07 11:15:00,1, 2.157607E+02, 2.941387E+02, 1.075101E+01, 7.773755E+00, 2.972145E+02, 2.947365E+02, 2.951667E+02
2024-07-07 11:45:00,1, 2.866194E+02, 2.952146E+02, 1.224093E+01, 4.070284E+01, 2.978296E+02, 2.961428E+02, 2.964714E+02
2024-07-07 12:15:00,1, 3.743511E+02, 2.960641E+02, 1.208328E+01, 6.353590E+01, 2.986643E+02, 2.973472E+02, 2.976191E+02
2024-07-07 12:45:00,1, 4.446826E+02, 2.966425E+02, 1.149836E+01, 8.394725E+01, 2.996321E+02, 2.981896E+02, 2.983383E+02
2024-07-07 13:15:00,1, 5.600382E+02, 2.977007E+02, 1.109245E+01, 9.288439E+01, 3.009106E+02, 2.996351E+02, 2.997564E+02
2024-07-07 13:45:00,1, 6.272929E+02, 2.982494E+02, 1.052377E+01, 1.017366E+02, 3.022653E+02, 3.005245E+02, 3.004166E+02
2024-07-07 14:15:00,1, 6.187688E+02, 2.988952E+02, 1.022917E+01, 1.000756E+02, 3.033205E+02, 3.012153E+02, 3.010397E+02
2024-07-07 14:45:00,1, 6.663197E+02, 2.995161E+02, 9.997055E+00, 1.061852E+02, 3.044538E+02, 3.022176E+02, 3.019152E+02
2024-07-07 15:15:00,1, 6.700655E+02, 3.000098E+02, 9.481598E+00, 1.073432E+02, 3.054165E+02, 3.029007E+02, 3.024567E+02
2024-07-07 15:45:00,1, 6.998271E+02, 3.005554E+02, 9.249371E+00, 1.100170E+02, 3.063702E+02, 3.036183E+02, 3.031320E+02
2024-07-07 16:15:00,1, 5.588954E+02, 3.004552E+02, 8.833130E+00, 1.010733E+02, 3.065115E+02, 3.030753E+02, 3.025511E+02
2024-07-07 16:45:00,1, 5.684845E+02, 3.007082E+02, 9.398981E+00, 1.047047E+02, 3.067674E+02, 3.033471E+02, 3.029383E+02
2024-07-07 17:15:00,1, 5.537030E+02, 3.008238E+02, 8.992574E+00, 1.032409E+02, 3.070058E+02, 3.034986E+02, 3.030260E+02
2024-07-07 17:45:00,1, 5.492979E+02, 3.010645E+02, 9.005254E+00, 1.024496E+02, 3.072575E+02, 3.037251E+02, 3.032792E+02
2024-07-07 18:15:00,1, 7.431492E+02, 3.018458E+02, 8.936450E+00, 1.160197E+02, 3.084616E+02, 3.052660E+02, 3.047656E+02
2024-07-07 18:45:00,1, 7.185547E+02, 3.020196E+02, 7.897067E+00, 1.094932E+02, 3.093133E+02, 3.054562E+02, 3.047151E+02
2024-07-07 19:15:00,1, 6.108955E+02, 3.020452E+02, 7.880797E+00, 1.020477E+02, 3.094815E+02, 3.049531E+02, 3.043305E+02
2024-07-07 19:45:00,1, 5.739622E+02, 3.019711E+02, 8.500267E+00, 1.056536E+02, 3.095224E+02, 3.045850E+02, 3.041431E+02
2024-07-07 20:15:00,1, 4.798879E+02, 3.016417E+02, 8.538223E+00, 9.672955E+01, 3.092151E+02, 3.038245E+02, 3.034849E+02
2024-07-07 20:45:00,1, 4.351715E+02, 3.013041E+02, 9.048709E+00, 9.095332E+01, 3.088645E+02, 3.032539E+02, 3.030344E+02
2024-07-07 21:15:00,1, 3.963147E+02, 3.009312E+02, 9.248757E+00, 8.628966E+01, 3.084871E+02, 3.026983E+02, 3.025425E+02
2024-07-07 21:45:00,1, 3.419161E+02, 3.004657E+02, 9.453647E+00, 7.945994E+01, 3.080093E+02, 3.019608E+02, 3.018804E+02
2024-07-07 22:15:00,1, 2.264176E+02, 2.996926E+02, 9.341157E+00, 6.355997E+01, 3.072521E+02, 3.006288E+02, 3.006370E+02
2024-07-07 22:45:00,1, 1.793530E+02, 2.990517E+02, 9.483094E+00, 5.154641E+01, 3.064926E+02, 2.997607E+02, 2.998482E+02
2024-07-07 23:15:00,1, 1.332002E+02, 2.983165E+02, 8.781509E+00, 4.462044E+01, 3.057188E+02, 2.988187E+02, 2.989063E+02
2024-07-07 23:45:00,1, 8.496514E+01, 2.975102E+02, 7.103775E+00, 3.462676E+01, 3.049038E+02, 2.977689E+02, 2.978600E+02
2024-07-07 00:15:00,2, 2.568156E+01, 2.975223E+02, 2.711400E+00, 2.276160E+01, 3.045945E+02, 2.976857E+02, 2.976372E+02
2024-07-07 00:45:00,2, 0.000000E+00, 2.968986E+02, 0.000000E+00, 1.507710E+01, 3.038031E+02, 2.970126E+02, 2.969248E+02
2024-07-07 01:15:00,2, 0.000000E+00, 2.963600E+02, 0.000000E+00, 1.240690E+01, 3.031294E+02, 2.964475E+02, 2.963829E+02
2024-07-07 01:45:00,2, 0.000000E+00, 2.958144E+02, 0.000000E+00, 1.052279E+01, 3.025225E+02, 2.958224E+02, 2.958094E+02
2024-07-07 02:15:00,2, 0.000000E+00, 2.952904E+02, 0.000000E+00, 7.660837E+00, 3.019933E+02, 2.952717E+02, 2.952791E+02
2024-07-07 02:45:00,2, 0.000000E+00, 2.948348E+02, 0.000000E+00, 5.171829E+00, 3.015351E+02, 2.948606E+02, 2.948402E+02
2024-07-07 03:15:00,2, 0.000000E+00, 2.944063E+02, 0.000000E+00, 6.117303E+00, 3.011065E+02, 2.944345E+02, 2.944079E+02
2024-07-07 03:45:00,2, 0.000000E+00, 2.938865E+02, 0.000000E+00, 6.822077E+00, 3.006882E+02, 2.938778E+02, 2.938664E+02
2024-07-07 04:15:00,2, 0.000000E+00, 2.933238E+02, 0.000000E+00, 6.838428E+00, 3.002770E+02, 2.932994E+02, 2.932947E+02
2024-07-07 04:45:00,2, 0.000000E+00, 2.927537E+02, 0.000000E+00, 6.730959E+00, 2.998745E+02, 2.927266E+02, 2.927209E+02
2024-07-07 05:15:00,2, 0.000000E+00, 2.922138E+02, 0.000000E+00, 6.506289E+00, 2.994841E+02, 2.921957E+02, 2.921832E+02
2024-07-07 05:45:00,2, 0.000000E+00, 2.917291E+02, 0.000000E+00, 6.263515E+00, 2.991097E+02, 2.917268E+02, 2.917044E+02
2024-07-07 06:15:00,2, 0.000000E+00, 2.913768E+02, 0.000000E+00, 4.764777E+00, 2.987612E+02, 2.914104E+02, 2.913696E+02
2024-07-07 06:45:00,2, 0.000000E+00, 2.912077E+02, 0.000000E+00, 2.493942E+00, 2.984503E+02, 2.912888E+02, 2.912245E+02
2024-07-07 07:15:00,2, 0.000000E+00, 2.910422E+02, 0.000000E+00, 2.031006E+00, 2.981641E+02, 2.911198E+02, 2.910542E+02
2024-07-07 07:45:00,2, 0.000000E+00, 2.907656E+02, 0.000000E+00, 2.837719E+00, 2.978831E+02, 2.908090E+02, 2.907583E+02
2024-07-07 08:15:00,2, 0.000000E+00, 2.904480E+02, 0.000000E+00, 3.179514E+00, 2.976055E+02, 2.904815E+02, 2.904353E+02
2024-07-07 08:45:00,2, 0.000000E+00, 2.901339E+02, 0.000000E+00, 3.166927E+00, 2.973351E+02, 2.901734E+02, 2.901225E+02
2024-07-07 09:15:00,2, 0.000000E+00, 2.898508E+02, 0.000000E+00, 3.063426E+00, 2.970747E+02, 2.899025E+02, 2.898437E+02
2024-07-07 09:45:00,2, 0.000000E+00, 2.896155E+02, 0.000000E+00, 2.909466E+00, 2.968274E+02, 2.896827E+02, 2.896147E+02
2024-07-07 10:15:00,2, 5.805026E+01, 2.905342E+02, 5.906676E+00, 1.954542E+00, 2.967482E+02, 2.908530E+02, 2.908230E+02
2024-07-07 10:45:00,2, 1.124065E+02, 2.918203E+02, 8.678333E+00, 2.377379E+00, 2.968551E+02, 2.922072E+02, 2.923369E+02
2024-07-07 11:15:00,2, 2.157607E+02, 2.941270E+02, 1.075240E+01, 7.730656E+00, 2.972169E+02, 2.947058E+02, 2.951329E+02
2024-07-07 11:45:00,2, 2.866194E+02, 2.952545E+02, 1.225984E+01, 3.981777E+01, 2.978328E+02, 2.961473E+02, 2.964942E+02
2024-07-07 12:15:00,2, 3.743511E+02, 2.960012E+02, 1.211607E+01, 6.494679E+01, 2.986679E+02, 2.972754E+02, 2.975366E+02
2024-07-07 12:45:00,2, 4.446826E+02, 2.966899E+02, 1.150727E+01, 8.254662E+01, 2.996348E+02, 2.981962E+02, 2.983769E+02
2024-07-07 13:15:00,2, 5.600382E+02, 2.976460E+02, 1.109846E+01, 9.391928E+01, 3.009136E+02, 2.995636E+02, 2.996817E+02
2024-07-07 13:45:00,2, 6.272929E+02, 2.982767E+02, 1.054755E+01, 1.010426E+02, 3.022673E+02, 3.005114E+02, 3.004344E+02
2024-07-07 14:15:00,2, 6.187688E+02, 2.988740E+02, 1.022650E+01, 1.004532E+02, 3.033223E+02, 3.011667E+02, 3.010016E+02
2024-07-07 14:45:00,2, 6.663197E+02, 2.995250E+02, 1.001510E+01, 1.060419E+02, 3.044550E+02, 3.021832E+02, 3.019091E+02
2024-07-07 15:15:00,2, 6.700655E+02, 3.000014E+02, 9.484000E+00, 1.074901E+02, 3.054173E+02, 3.028517E+02, 3.024302E+02
2024-07-07 15:45:00,2, 6.998271E+02, 3.005569E+02, 9.261912E+00, 1.100318E+02, 3.063705E+02, 3.035733E+02, 3.031158E+02
2024-07-07 16:15:00,2, 5.588954E+02, 3.004540E+02, 8.836791E+00, 1.011803E+02, 3.065113E+02, 3.030309E+02, 3.025314E+02
2024-07-07 16:45:00,2, 5.684845E+02, 3.007080E+02, 9.408653E+00, 1.047855E+02, 3.067669E+02, 3.032993E+02, 3.029186E+02
2024-07-07 17:15:00,2, 5.537030E+02, 3.008235E+02, 8.997065E+00, 1.033094E+02, 3.070050E+02, 3.034497E+02, 3.030063E+02
2024-07-07 17:45:00,2, 5.492979E+02, 3.010643E+02, 9.010371E+00, 1.025106E+02, 3.072565E+02, 3.036760E+02, 3.032595E+02
2024-07-07 18:15:00,2, 7.431492E+02, 3.018422E+02, 8.941539E+00, 1.160226E+02, 3.084606E+02, 3.052129E+02, 3.047437E+02
2024-07-07 18:45:00,2, 7.185547E+02, 3.020179E+02, 7.903963E+00, 1.095356E+02, 3.093123E+02, 3.054106E+02, 3.046967E+02
2024-07-07 19:15:00,2, 6.108955E+02, 3.020438E+02, 7.888647E+00, 1.021355E+02, 3.094804E+02, 3.049130E+02, 3.043130E+02
2024-07-07 19:45:00,2, 5.739622E+02, 3.019697E+02, 8.506924E+00, 1.057118E+02, 3.095213E+02, 3.045488E+02, 3.041270E+02
2024-07-07 20:15:00,2, 4.798879E+02, 3.016411E+02, 8.545222E+00, 9.679760E+01, 3.092140E+02, 3.037941E+02, 3.034713E+02
2024-07-07 20:45:00,2, 4.351715E+02, 3.013033E+02, 9.053788E+00, 9.099832E+01, 3.088634E+02, 3.032270E+02, 3.030217E+02
2024-07-07 21:15:00,2, 3.963147E+02, 3.009303E+02, 9.254532E+00, 8.632582E+01, 3.084863E+02, 3.026743E+02, 3.025306E+02
2024-07-07 21:45:00,2, 3.419161E+02, 3.004647E+02, 9.459450E+00, 7.949126E+01, 3.080088E+02, 3.019421E+02, 3.018701E+02
2024-07-07 22:15:00,2, 2.264176E+02, 2.996926E+02, 9.344868E+00, 6.359169E+01, 3.072517E+02, 3.006260E+02, 3.006332E+02
2024-07-07 22:45:00,2, 1.793530E+02, 2.990514E+02, 9.486710E+00, 5.156493E+01, 3.064925E+02, 2.997649E+02, 2.998450E+02
2024-07-07 23:15:00,2, 1.332002E+02, 2.983160E+02, 8.798627E+00, 4.465728E+01, 3.057190E+02, 2.988312E+02, 2.989045E+02
2024-07-07 23:45:00,2, 8.496514E+01, 2.975094E+02, 7.135084E+00, 3.469870E+01, 3.049044E+02, 2.977928E+02, 2.978606E+02
