sp,genus,species,family,rho,level,n_entries
acac1,Acacia,sp.1,Fabaceae,0.6587,genus,0
acacme,Acacia,melanoceras,Fabaceae,0.6587,genus,0
acacri,Acacia,riparia,Fabaceae,0.6587,genus,0
acaldi,Acalypha,diversifolia,Euphorbiaceae,0.5423,family,0
acalma,Acalypha,macrostachya,Euphorbiaceae,0.5423,family,0
ade1tr,Adelia,triloba,Euphorbiaceae,0.5430,species,1
aegian,Aegiphila,anomala,Lamiaceae,0.6450,genus,0
aegipa,Aegiphila,panamensis,Lamiaceae,0.6450,genus,0
albiad,Albizia,adinocephala,Fabaceae,0.5196,genus,0
albigu,Pseudosamanea,guachapele,Fabaceae,0.6968,family,0
albipr,Albizia,procera,Fabaceae,0.5196,genus,0
alch3,Alchornea,sp.3,Euphorbiaceae,0.3831,genus,0
alch4,Alchornea,sp.4,Euphorbiaceae,0.3831,genus,0
alchco,Alchornea,costaricensis,Euphorbiaceae,0.3010,species,1
alchla,Alchornea,latifolia,Euphorbiaceae,0.4450,species,2
alibed,Alibertia,edulis,Rubiaceae,0.7600,species,1
allo2,Allophylus,sp.2,Sapindaceae,0.4350,genus,0
allops,Allophylus,psilospermus,Sapindaceae,0.4350,genus,0
alsebl,Alseis,blackiana,Rubiaceae,0.5360,species,2
amai1,Amaioua,sp.1,Rubiaceae,0.6250,genus,0
amai2,Amaioua,sp.2,Rubiaceae,0.6250,genus,0
amaico,Amaioua,corymbosa,Rubiaceae,0.6250,genus,0
amaima,Amaioua,magnicarpa,Rubiaceae,0.6250,genus,0
amaipe,Amaioua,pedicellata,Rubiaceae,0.6250,genus,0
amp1is,Amphitecna,isthmica,Bignoniaceae,0.5785,family,0
amp1la,Amphitecna,latifolia,Bignoniaceae,0.5785,family,0
amp1sp,Amphitecna,spathicalyx,Bignoniaceae,0.5785,family,0
ampeed,Ampelocera,edentula,Ulmaceae,0.6995,species,2
ampema,Ampelocera,macphersonii,Ulmaceae,0.6738,genus,0
ana1,Unidentified,sp.1,Unknown,0.5141,plot mean,0
anacex,Anacardium,excelsum,Anacardiaceae,0.3913,species,7
anaxpa,Anaxagorea,panamensis,Annonaceae,0.5300,genus,0
andiin,Andira,inermis,Fabaceae,0.6427,species,6
anib1,Aniba,sp.1,Lauraceae,0.5932,genus,0
anib2,Aniba,sp.2,Lauraceae,0.5932,genus,0
anibho,Aniba,hostmanniana,Lauraceae,0.6190,species,3
ann1,Unidentified,sp.1,Unknown,0.5141,plot mean,0
annoac,Annona,acuminata,Annonaceae,0.4987,genus,0
annoha,Annona,hayesii,Annonaceae,0.4987,genus,0
annomo,Annona,montana,Annonaceae,0.4987,genus,0
annopi,Annona,pittieri,Annonaceae,0.4987,genus,0
annopu,Annona,purpurea,Annonaceae,0.4987,genus,0
annosp,Annona,spraguei,Annonaceae,0.5590,species,1
antitr,Pittoniotis,trichantha,Rubiaceae,0.6341,family,0
apeihy,Apeiba,hybrid,Malvaceae,0.2548,genus,0
apeime,Apeiba,membranacea,Malvaceae,0.2548,genus,0
apeiti,Apeiba,tibourbou,Malvaceae,0.2000,species,1
aphede,Aphelandra,scabra,Acanthaceae,0.5796,family,0
aphesi,Aphelandra,sinclairiana,Acanthaceae,0.5796,family,0
appuse,Appunia,seibertii,Rubiaceae,0.6341,family,0
ardi11,Ardisia,sp.11,Primulaceae,0.6200,genus,0
ardi15,Ardisia,sp.15,Primulaceae,0.6200,genus,0
ardi5,Ardisia,sp.5,Primulaceae,0.6200,genus,0
ardi6,Ardisia,sp.6,Primulaceae,0.6200,genus,0
ardi7,Ardisia,sp.7,Primulaceae,0.6200,genus,0
ardi9,Ardisia,sp.9,Primulaceae,0.6200,genus,0
ardiba,Ardisia,bartlettii,Primulaceae,0.6200,genus,0
ardidu,Ardisia,dukei,Primulaceae,0.6200,genus,0
ardife,Ardisia,standleyana,Primulaceae,0.6200,genus,0
ardigl,Ardisia,glomerata,Primulaceae,0.6200,genus,0
ardigu,Ardisia,guianensis,Primulaceae,0.6200,species,1
ardiop,Ardisia,opaca,Primulaceae,0.6200,genus,0
ardire,Ardisia,revoluta,Primulaceae,0.6200,genus,0
artoal,Artocarpus,altilis,Moraceae,0.4450,species,4
aspicr,Aspidosperma,spruceanum,Apocynaceae,0.7533,species,3
aspime,Aspidosperma,megalocarpon,Apocynaceae,0.7843,species,4
ast1al,Astrocaryum,alatum,Arecaceae,0.5080,genus,0
ast1st,Astrocaryum,standleyanum,Arecaceae,0.5080,genus,0
ast2gr,Astronium,graveolens,Anacardiaceae,0.7987,species,8
bactba,Bactris,barronis,Arecaceae,0.3930,family,0
bactc1,Bactris,coloniata,Arecaceae,0.3930,family,0
bactc2,Bactris,coloradonis,Arecaceae,0.3930,family,0
bactm1,Bactris,maraja,Arecaceae,0.3930,family,0
bactma,Bactris,major,Arecaceae,0.3930,family,0
bactpa,Bactris,panamensis,Arecaceae,0.3930,family,0
banagu,Banara,guianensis,Salicaceae,0.6100,species,1
beilpe,Beilschmiedia,pendula,Lauraceae,0.5030,species,2
beilsu,Beilschmiedia,sulcata,Lauraceae,0.5433,genus,0
beilti,Beilschmiedia,aff.tilaranensis,Lauraceae,0.5433,genus,0
bellpe,Bellucia,pentamera,Melastomataceae,0.5400,species,1
bertgu,Bertiera,guianensis,Rubiaceae,0.6341,family,0
beslro,Besleria,robusta,Gesneriaceae,0.5141,plot mean,0
billco,Billia,rosea,Sapindaceae,0.6900,genus,0
bixaor,Bixa,orellana,Bixaceae,0.3600,species,2
bligsa,Blighia,sapida,Sapindaceae,0.7096,family,0
boro1,Borojoa,sp.1,Rubiaceae,0.5200,genus,0
boropa,Borojoa,panamensis,Rubiaceae,0.5200,genus,0
bourco,Bourreria,costaricensis,Boraginaceae,0.5684,family,0
brosal,Brosimum,alicastrum,Moraceae,0.6250,species,6
brosco,Brosimum,costaricanum,Moraceae,0.6650,species,2
brosgu,Brosimum,guianense,Moraceae,0.8435,species,10
brosla,Brosimum,lactescens,Moraceae,0.6556,species,5
brosut,Brosimum,utile,Moraceae,0.5058,species,14
buchca,Buchenavia,tetraphylla,Combretaceae,0.6172,species,8
bunc1,Bunchosia,sp.1,Malpighiaceae,0.6500,genus,0
buncod,Bunchosia,odorata,Malpighiaceae,0.6500,genus,0
burssi,Bursera,simaruba,Burseraceae,0.3050,species,6
byrsc1,Byrsonima,crispa,Malpighiaceae,0.5800,species,2
byrscr,Byrsonima,crassifolia,Malpighiaceae,0.5840,species,5
byrsne,Byrsonima,dressleri,Malpighiaceae,0.6292,genus,0
byrssp,Byrsonima,spicata,Malpighiaceae,0.6091,species,8
caesco,Caesalpinia,coriaria,Fabaceae,1.1150,species,2
cal11,Calycolpus,sp.1,Myrtaceae,0.8000,genus,0
cal1wa,Calycolpus,warszewiczianus,Myrtaceae,0.8000,genus,0
cal2ca,Calycophyllum,candidissimum,Rubiaceae,0.6967,species,3
cal3co,Calyptrogyne,costatifrons,Arecaceae,0.3930,family,0
calaco,Calatola,costaricensis,Icacinaceae,0.5655,species,2
callst,Calliandra,laxa,Fabaceae,0.8350,genus,0
calobr,Calophyllum,brasiliense,Calophyllaceae,0.5834,species,12
calolo,Calophyllum,longifolium,Calophyllaceae,0.5420,species,1
calych,Calyptranthes,chytraculia,Myrtaceae,0.8600,genus,0
calypu,Calyptranthes,pulchella,Myrtaceae,0.8600,genus,0
calytu,Calyptranthes,tumidonodia,Myrtaceae,0.8600,genus,0
cappcy,Capparis,cynophallophora,Capparaceae,0.6915,genus,0
cappdi,Capparis,discolor,Capparaceae,0.6915,genus,0
cappfr,Capparis,frondosa,Capparaceae,0.6915,genus,0
cappin,Capparis,indica,Capparaceae,0.6915,genus,0
cappos,Capparis,aff.osmantha,Capparaceae,0.6915,genus,0
capppi,Capparis,pittieri,Capparaceae,0.6915,genus,0
caragu,Carapa,guianensis,Meliaceae,0.4827,genus,0
carica,Vasconcellea,cauliflora,Caricaceae,0.2650,family,0
carybu,Caryodaphnopsis,burgeri,Lauraceae,0.5596,family,0
cas1mo,Cassia,moschata,Fabaceae,0.8050,species,2
case3,Casearia,sp.3,Salicaceae,0.6751,genus,0
case4,Casearia,sp.4,Salicaceae,0.6751,genus,0
case5,Casearia,sp.5,Salicaceae,0.6751,genus,0
case6,Casearia,sp.6,Salicaceae,0.6751,genus,0
casea1,Casearia,arguta,Salicaceae,0.6751,genus,0
caseac,Casearia,aculeata,Salicaceae,0.6600,species,1
casear,Casearia,arborea,Salicaceae,0.5737,species,9
casec1,Casearia,coronata,Salicaceae,0.6751,genus,0
caseco,Casearia,commersoniana,Salicaceae,0.6751,genus,0
casegu,Casearia,guianensis,Salicaceae,0.7350,species,2
caseni,Casearia,nigricans,Salicaceae,0.6751,genus,0
casesy,Casearia,sylvestris,Salicaceae,0.6733,species,3
cassel,Cassipourea,elliptica,Rhizophoraceae,0.8200,genus,0
castel,Castilla,elastica,Moraceae,0.5675,species,2
cavapl,Cavanillesia,platanifolia,Malvaceae,0.3600,species,2
cecrga,Cecropia,garciae,Urticaceae,0.3038,genus,0
cecrhe,Cecropia,heterochroma,Urticaceae,0.3038,genus,0
cecrin,Cecropia,insignis,Urticaceae,0.3175,species,2
cecrlo,Cecropia,longipes,Urticaceae,0.3038,genus,0
cecrob,Cecropia,obtusifolia,Urticaceae,0.2600,species,1
cecrpe,Cecropia,peltata,Urticaceae,0.3000,species,4
cedrod,Cedrela,odorata,Meliaceae,0.4217,species,11
ceibpe,Ceiba,pentandra,Malvaceae,0.3321,species,16
celtsc,Celtis,schippii,Cannabaceae,0.6160,species,4
cespma,Cespedesia,spathulata,Ochnaceae,0.6132,species,4
cestla,Cestrum,latifolium,Solanaceae,0.4572,family,0
cestme,Cestrum,megalophyllum,Solanaceae,0.4572,family,0
cha1te,Chamaedorea,tepejilote,Arecaceae,0.3930,family,0
cha2sc,Chamguava,schippii,Myrtaceae,0.7592,family,0
cheico,Cheiloclinium,cognatum,Celastraceae,0.7015,family,0
chi1pa,Chionanthus,panamensis,Oleaceae,0.8550,genus,0
chimla,Chimarrhis,latifolia,Rubiaceae,0.7072,genus,0
chimpa,Chimarrhis,parviflora,Rubiaceae,0.7072,genus,0
chomsp,Chomelia,spinosa,Rubiaceae,0.5300,species,1
chr1ec,Chrysochlamys,eclipes,Clusiaceae,0.4300,genus,0
chr1gl,Chrysochlamys,glauca,Clusiaceae,0.4300,genus,0
chr1gr,Chrysochlamys,grandifolia,Clusiaceae,0.4300,genus,0
chr21,Chrysophyllum,sp.1,Sapotaceae,0.7875,genus,0
chr2ar,Chrysophyllum,argenteum,Sapotaceae,0.7835,species,2
chr2ca,Chrysophyllum,cainito,Sapotaceae,0.6550,species,2
chr2co,Chrysophyllum,colombianum,Sapotaceae,0.7875,genus,0
chr2hi,Chrysophyllum,hirsutum,Sapotaceae,0.7875,genus,0
chr2ve,Chrysophyllum,venezuelanense,Sapotaceae,0.7875,genus,0
chroru,Chromolucuma,aff.rubriflora,Sapotaceae,0.7300,genus,0
citrsi,Citrus,sinensis,Rutaceae,0.7327,family,0
clarbi,Clarisia,biflora,Moraceae,0.4750,species,1
clarra,Clarisia,racemosa,Moraceae,0.5854,species,21
clavco,Clavija,costaricana,Primulaceae,0.6050,family,0
clavme,Clavija,mezii,Primulaceae,0.6050,family,0
clid1,Clidemia,sp.1,Melastomataceae,0.6333,family,0
clidd1,Clidemia,densiflora,Melastomataceae,0.6333,family,0
clidde,Clidemia,dentata,Melastomataceae,0.6333,family,0
cliddi,Clidemia,discolor,Melastomataceae,0.6333,family,0
clidha,Clidemia,hammelii,Melastomataceae,0.6333,family,0
clidoc,Clidemia,octona,Melastomataceae,0.6333,family,0
clidse,Clidemia,septuplinervia,Melastomataceae,0.6333,family,0
clusdi,Clusia,divaricata,Clusiaceae,0.6764,genus,0
cluspr,Clusia,pratensis,Clusiaceae,0.6764,genus,0
cnempe,Cyathea,petiolata,Cyatheaceae,0.5141,plot mean,0
cocc2,Coccoloba,sp.2,Polygonaceae,0.6609,genus,0
cocc4,Coccoloba,sp.4,Polygonaceae,0.6609,genus,0
coccca,Coccoloba,caracasana,Polygonaceae,0.4300,species,1
coccco,Coccoloba,coronata,Polygonaceae,0.6609,genus,0
coccjo,Coccoloba,johnstonii,Polygonaceae,0.6609,genus,0
coccla,Coccoloba,lasseri,Polygonaceae,0.6609,genus,0
coccma,Coccoloba,manzinellensis,Polygonaceae,0.6609,genus,0
coccmo,Coccoloba,mollis,Polygonaceae,0.5200,species,1
coccob,Coccoloba,obovata,Polygonaceae,0.6609,genus,0
coccpa,Coccoloba,padiformis,Polygonaceae,0.8000,species,1
cocctu,Coccoloba,tuerckheimii,Polygonaceae,0.6609,genus,0
colugl,Colubrina,glandulosa,Rhamnaceae,0.6480,species,2
coluhe,Colubrina,heteroneura,Rhamnaceae,0.6607,genus,0
colusp,Colubrina,spinosa,Rhamnaceae,0.4950,species,1
compca,Compsoneura,capitellata,Myristicaceae,0.4842,family,0
compsp,Compsoneura,sprucei,Myristicaceae,0.4842,family,0
concpl,Conceveiba,pleiostemona,Euphorbiaceae,0.2660,species,1
cono1,Conostegia,sp.1,Melastomataceae,0.6333,family,0
conobr,Conostegia,bracteata,Melastomataceae,0.6333,family,0
conoci,Conostegia,cinnamomea,Melastomataceae,0.6333,family,0
conomo,Conostegia,montana,Melastomataceae,0.6333,family,0
conoru,Conostegia,rufescens,Melastomataceae,0.6333,family,0
copaar,Copaifera,aromatica,Fabaceae,0.6200,species,1
cord6,Cordia,sp.6,Boraginaceae,0.4911,genus,0
cord7,Cordia,sp.7,Boraginaceae,0.4911,genus,0
cordal,Cordia,alliodora,Boraginaceae,0.4644,species,10
cordbi,Cordia,bicolor,Boraginaceae,0.4750,species,2
corddw,Cordia,dwyeri,Boraginaceae,0.4911,genus,0
cordla,Cordia,lasiocalyx,Boraginaceae,0.3970,species,1
cordlu,Cordia,lucidula,Boraginaceae,0.4911,genus,0
cordpa,Cordia,panamensis,Boraginaceae,0.4911,genus,0
cordpo,Cordia,porcata,Boraginaceae,0.4911,genus,0
cou21,Coussarea,sp.1,Rubiaceae,0.6102,genus,0
cou2ce,Coussarea,cerroazulensis,Rubiaceae,0.6102,genus,0
cou2cu,Coussarea,curvigemmia,Rubiaceae,0.6102,genus,0
cou2ho,Coussarea,hondensis,Rubiaceae,0.6102,genus,0
cou2la,Coussarea,latifolia,Rubiaceae,0.6102,genus,0
coue1,Couepia,sp.1,Chrysobalanaceae,0.8046,genus,0
courpa,Couratari,guianensis,Lecythidaceae,0.5071,species,8
couthe,Coutarea,hexandra,Rubiaceae,0.6000,species,1
cratta,Crateva,tapia,Capparaceae,0.4503,species,3
crem2,Cremastosperma,sp.2,Annonaceae,0.5818,family,0
crem4,Cremastosperma,sp.4,Annonaceae,0.5818,family,0
creman,Klarobelia,anomala,Annonaceae,0.5818,family,0
crempa,Cremastosperma,panamense,Annonaceae,0.5818,family,0
crospa,Crossopetalum,parviflorum,Celastraceae,0.7015,family,0
crot2,Croton,sp.2,Euphorbiaceae,0.4312,genus,0
crotbi,Croton,billbergianus,Euphorbiaceae,0.4312,genus,0
crotdr,Croton,draco,Euphorbiaceae,0.4312,genus,0
crotla,Croton,lanjouwensis,Euphorbiaceae,0.4312,genus,0
crotpa,Croton,pachypodus,Euphorbiaceae,0.4312,genus,0
crotsc,Croton,schiedeanus,Euphorbiaceae,0.4312,genus,0
crudac,Crudia,acuminata,Fabaceae,0.8500,genus,0
cryowa,Cryosophila,warscewiczii,Arecaceae,0.4000,species,1
cupa1,Cupania,sp.1,Sapindaceae,0.5643,genus,0
cupa2,Cupania,sp.2,Sapindaceae,0.5643,genus,0
cupa3,Cupania,sp.3,Sapindaceae,0.5643,genus,0
cupa5,Cupania,sp.5,Sapindaceae,0.5643,genus,0
cupaci,Cupania,cinerea,Sapindaceae,0.5000,species,1
cupagu,Cupania,guatemalensis,Sapindaceae,0.5643,genus,0
cupala,Cupania,latifolia,Sapindaceae,0.5643,genus,0
cuparu,Cupania,rufescens,Sapindaceae,0.5643,genus,0
cupasc,Cupania,scrobiculata,Sapindaceae,0.6280,species,2
cupasy,Cupania,seemannii,Sapindaceae,0.5643,genus,0
cyatmu,Cyathea,multiflora,Cyatheaceae,0.5141,plot mean,0
cym1co,Cymbopetalum,costaricense,Annonaceae,0.4850,genus,0
cym1la,Cymbopetalum,lanugipetalum,Annonaceae,0.4850,genus,0
cyphha,Solanum,circinatum,Solanaceae,0.2800,genus,0
dalbre,Dalbergia,retusa,Fabaceae,0.8600,species,4
dapham,Daphnopsis,americana,Thymelaeaceae,0.5141,plot mean,0
daphco,Daphnopsis,correae,Thymelaeaceae,0.5141,plot mean,0
dendar,Dendropanax,arboreus,Araliaceae,0.4218,species,5
dendgl,Dendropanax,globosus,Araliaceae,0.4218,genus,0
dendpu,Dendropanax,punctatus,Araliaceae,0.4218,genus,0
dendse,Dendropanax,sessiliflorus,Araliaceae,0.4218,genus,0
des2pa,Desmopsis,panamensis,Annonaceae,0.7640,species,1
dialgu,Dialium,guianense,Fabaceae,0.8730,species,11
dichax,Dichapetalum,axillare,Dichapetalaceae,0.6402,family,0
dio2ar,Diospyros,artanthifolia,Ebenaceae,0.5780,genus,0
diphro,Diphysa,americana,Fabaceae,0.6968,family,0
diptpa,Dipteryx,oleifera,Fabaceae,0.8483,species,3
discgu,Discophora,guianensis,Stemonuraceae,0.5600,species,1
dryp2,Drypetes,coba,Putranjivaceae,0.7123,genus,0
drypam,Drypetes,aff.amazonica,Putranjivaceae,0.7123,genus,0
drypst,Drypetes,standleyi,Putranjivaceae,0.6750,species,1
duguco,Duguetia,confusa,Annonaceae,0.7468,genus,0
duss1,Dussia,sp.1,Fabaceae,0.5678,genus,0
duss2,Dussia,sp.2,Fabaceae,0.5678,genus,0
duss3,Dussia,sp.3,Fabaceae,0.5678,genus,0
duss4,Dussia,sp.4,Fabaceae,0.5678,genus,0
duss5,Dussia,sp.5,Fabaceae,0.5678,genus,0
duss6,Dussia,sp.6,Fabaceae,0.5678,genus,0
dussat,Dussia,atropurpurea,Fabaceae,0.5678,genus,0
dussma,Dussia,macroprophyllata,Fabaceae,0.5630,species,1
dusste,Dussia,tessmannii,Fabaceae,0.5678,genus,0
dystpa,Dystovomita,paniculata,Clusiaceae,0.6622,family,0
ecclla,Ecclinusa,lanceolata,Sapotaceae,0.5800,species,1
ela1ni,Elaeagia,nitidifolia,Rubiaceae,0.6341,family,0
ela21,Elaeoluma,sp.1,Sapotaceae,0.7506,family,0
elaeol,Elaeis,oleifera,Arecaceae,0.3930,family,0
endlbr,Endlicheria,browniana,Lauraceae,0.5011,genus,0
entecy,Enterolobium,cyclocarpum,Fabaceae,0.3900,species,8
entesc,Enterolobium,schomburgkii,Fabaceae,0.7007,species,10
erblod,Erblichia,odorata,Passifloraceae,0.5141,plot mean,0
erisbl,Erisma,blancoa,Vochysiaceae,0.5708,genus,0
ery1co,Erythrina,costaricensis,Fabaceae,0.2251,genus,0
ery2ci,Erythroxylum,citrifolium,Erythroxylaceae,0.7100,species,1
ery2ma,Erythroxylum,macrophyllum,Erythroxylaceae,0.7100,species,1
ery2pa,Erythroxylum,panamense,Erythroxylaceae,0.7100,genus,0
esch3,Eschweilera,sp.3,Lecythidaceae,0.8253,genus,0
esch6,Eschweilera,sp.6,Lecythidaceae,0.8253,genus,0
escham,Eschweilera,amplexifolia,Lecythidaceae,0.8253,genus,0
eschan,Eschweilera,aff.angustifolia,Lecythidaceae,0.8253,genus,0
eschca,Eschweilera,calyculata,Lecythidaceae,0.8253,genus,0
eschja,Eschweilera,jacquelyniae,Lecythidaceae,0.8253,genus,0
eschpa,Eschweilera,panamensis,Lecythidaceae,0.8253,genus,0
eschpi,Eschweilera,pittieri,Lecythidaceae,0.8600,species,1
eschse,Eschweilera,sessilis,Lecythidaceae,0.8253,genus,0
euge10,Eugenia,sp.10,Myrtaceae,0.7306,genus,0
euge13,Eugenia,sp.13,Myrtaceae,0.7306,genus,0
euge16,Eugenia,sp.16,Myrtaceae,0.7306,genus,0
euge18,Eugenia,sp.18,Myrtaceae,0.7306,genus,0
euge19,Eugenia,sp.19,Myrtaceae,0.7306,genus,0
euge20,Eugenia,sp.20,Myrtaceae,0.7306,genus,0
euge22,Eugenia,sp.22,Myrtaceae,0.7306,genus,0
euge26,Eugenia,sp.26,Myrtaceae,0.7306,genus,0
euge27,Eugenia,sp.27,Myrtaceae,0.7306,genus,0
euge5,Eugenia,sp.5,Myrtaceae,0.7306,genus,0
euge6,Eugenia,sp.6,Myrtaceae,0.7306,genus,0
euge7,Eugenia,sp.7,Myrtaceae,0.7306,genus,0
euge8,Eugenia,sp.8,Myrtaceae,0.7306,genus,0
euge9,Eugenia,sp.9,Myrtaceae,0.7306,genus,0
eugeau,Eugenia,austin-smithii,Myrtaceae,0.7306,genus,0
eugeco,Eugenia,coloradoensis,Myrtaceae,0.7306,genus,0
eugecr,Eugenia,cricamolensis,Myrtaceae,0.7306,genus,0
eugega,Eugenia,galalonensis,Myrtaceae,0.7306,genus,0
eugene,Eugenia,nesiotica,Myrtaceae,0.7306,genus,0
eugeoc,Eugenia,octopleura,Myrtaceae,0.7306,genus,0
eugeoe,Eugenia,oerstediana,Myrtaceae,0.7306,genus,0
eugepr,Eugenia,principium,Myrtaceae,0.7306,genus,0
eugesa,Eugenia,hiraeifolia,Myrtaceae,0.7306,genus,0
eugeve,Eugenia,venezuelensis,Myrtaceae,0.7306,genus,0
eup2,Unidentified,sp.2,Unknown,0.5141,plot mean,0
eutepr,Euterpe,precatoria,Arecaceae,0.3877,species,3
exosme,Exostema,mexicanum,Rubiaceae,1.0000,genus,0
fara2,Faramea,coba,Rubiaceae,0.6180,genus,0
faralu,Faramea,luteovirens,Rubiaceae,0.6180,genus,0
faramu,Faramea,multiflora,Rubiaceae,0.6180,genus,0
faraoc,Faramea,occidentalis,Rubiaceae,0.6180,species,1
farapa,Faramea,parvibractea,Rubiaceae,0.6180,genus,0
ficu10,Ficus,sp.10,Moraceae,0.3961,genus,0
ficu11,Ficus,sp.11,Moraceae,0.3961,genus,0
ficu12,Ficus,sp.12,Moraceae,0.3961,genus,0
ficu13,Ficus,sp.13,Moraceae,0.3961,genus,0
ficu3,Ficus,sp.3,Moraceae,0.3961,genus,0
ficu4,Ficus,sp.4,Moraceae,0.3961,genus,0
ficu5,Ficus,sp.5,Moraceae,0.3961,genus,0
ficu6,Ficus,sp.6,Moraceae,0.3961,genus,0
ficu8,Ficus,sp.8,Moraceae,0.3961,genus,0
ficu9,Ficus,sp.9,Moraceae,0.3961,genus,0
ficubr,Ficus,brevibracteata,Moraceae,0.3961,genus,0
ficubu,Ficus,bullenei,Moraceae,0.3961,genus,0
ficuc1,Ficus,colubrinae,Moraceae,0.3961,genus,0
ficuc2,Ficus,costaricana,Moraceae,0.3961,genus,0
ficuci,Ficus,citrifolia,Moraceae,0.4000,species,1
ficuin,Ficus,insipida,Moraceae,0.3724,species,8
ficuma,Ficus,maxima,Moraceae,0.3605,species,4
ficuny,Ficus,nymphaeifolia,Moraceae,0.4150,species,2
ficuob,Ficus,obtusifolia,Moraceae,0.3961,genus,0
ficup1,Ficus,apollinaris,Moraceae,0.3961,genus,0
ficupe,Ficus,pertusa,Moraceae,0.4200,species,1
ficupo,Ficus,popenoei,Moraceae,0.3961,genus,0
ficuto,Ficus,tonduzii,Moraceae,0.3961,genus,0
ficutr,Ficus,aurea,Moraceae,0.3961,genus,0
ficuyo,Ficus,yoponensis,Moraceae,0.3961,genus,0
fissfe,Fissicalyx,fendleri,Fabaceae,0.6968,family,0
gar2in,Garcinia,intermedia,Clusiaceae,0.6250,species,1
gar2m1,Garcinia,magnifolia,Clusiaceae,0.6704,genus,0
gar2ma,Garcinia,madruno,Clusiaceae,0.7267,species,3
geniam,Genipa,americana,Rubiaceae,0.6260,species,9
geniwi,Genipa,williamsii,Rubiaceae,0.6260,genus,0
geonco,Geonoma,congesta,Arecaceae,0.3930,family,0
geoncu,Geonoma,cuneata,Arecaceae,0.3930,family,0
geonde,Geonoma,deversa,Arecaceae,0.3930,family,0
geonin,Geonoma,interrupta,Arecaceae,0.3930,family,0
gloeen,Gloeospermum,eneidense,Violaceae,0.6585,family,0
gloesp,Gloeospermum,sphaerocarpum,Violaceae,0.6585,family,0
gmelar,Gmelina,arborea,Lamiaceae,0.3400,species,1
gonz1,Gonzalagunia,sp.1,Rubiaceae,0.6341,family,0
gonzru,Gonzalagunia,rudis,Rubiaceae,0.6341,family,0
gordbr,Gordonia,brandegeei,Theaceae,0.5185,genus,0
griaca,Grias,cauliflora,Lecythidaceae,0.6200,genus,0
guapco,Guapira,costaricana,Nyctaginaceae,0.4923,genus,0
guapst,Guapira,standleyana,Nyctaginaceae,0.4923,genus,0
guar1,Guarea,sp.1,Meliaceae,0.6215,genus,0
guar2,Guarea,sherman,Meliaceae,0.6215,genus,0
guar4,Guarea,sp.4,Meliaceae,0.6215,genus,0
guar6,Guarea,sp.6,Meliaceae,0.6215,genus,0
guar8,Guarea,sp.8,Meliaceae,0.6215,genus,0
guargl,Guarea,glabra,Meliaceae,0.5007,species,3
guargr,Guarea,grandifolia,Meliaceae,0.6215,genus,0
guargu,Guarea,guidonia,Meliaceae,0.5434,species,9
guarku,Guarea,kunthiana,Meliaceae,0.5754,species,5
guarm1,Guarea,cf.macrophylla,Meliaceae,0.6215,genus,0
guarma,Guarea,macropetala,Meliaceae,0.6215,genus,0
guarpt,Guarea,pterorhachis,Meliaceae,0.7700,species,1
guarrh,Guarea,rhopalocarpa,Meliaceae,0.6215,genus,0
guarsp,Guarea,bullata,Meliaceae,0.6215,genus,0
guat5,Guatteria,sp.5,Annonaceae,0.5763,genus,0
guat7,Guatteria,sp.7,Annonaceae,0.5763,genus,0
guata1,Guatteria,alata,Annonaceae,0.5763,genus,0
guatab,Guatteria,aberrans,Annonaceae,0.5763,genus,0
guatal,Guatteria,allenii,Annonaceae,0.5763,genus,0
guatam,Guatteria,amplifolia,Annonaceae,0.5110,species,1
guatdu,Guatteria,dumetorum,Annonaceae,0.4660,species,1
guatse,Guatteria,sessilicarpa,Annonaceae,0.5763,genus,0
guazul,Guazuma,ulmifolia,Malvaceae,0.5134,species,7
guetcr,Guettarda,crispiflora,Rubiaceae,0.7400,genus,0
guetfo,Guettarda,foliacea,Rubiaceae,0.7400,genus,0
guetra,Guettarda,ramuliflora,Rubiaceae,0.7400,genus,0
gust1,Gustavia,sp.1,Lecythidaceae,0.6375,genus,0
gustdu,Gustavia,dubia,Lecythidaceae,0.6375,genus,0
gustfo,Gustavia,fosteri,Lecythidaceae,0.6375,genus,0
gustsu,Gustavia,superba,Lecythidaceae,0.5800,species,1
gyrada,Gyranthera,darienensis,Malvaceae,0.3700,genus,0
hameax,Hamelia,axillaris,Rubiaceae,0.6341,family,0
hamepa,Hamelia,patens,Rubiaceae,0.6341,family,0
hampap,Hampea,appendiculata,Malvaceae,0.2450,species,1
hassfl,Hasseltia,floribunda,Salicaceae,0.5300,species,2
hedysc,Hedyosmum,scaberrimum,Chloranthaceae,0.4500,genus,0
heisac,Heisteria,acuminata,Olacaceae,0.6963,genus,0
heisco,Heisteria,concinna,Olacaceae,0.6400,species,1
hel1to,Helicostylis,tovarensis,Moraceae,0.6716,genus,0
heliam,Heliocarpus,americanus,Malvaceae,0.1950,species,2
henrfa,Henriettella,fascicularis,Melastomataceae,0.4800,genus,0
henrsu,Henriettea,succosa,Melastomataceae,0.6900,genus,0
henrtr,Henriettella,trachyphylla,Melastomataceae,0.4800,genus,0
henrtu,Henriettella,tuberculosa,Melastomataceae,0.4700,species,1
herndi,Hernandia,didymantha,Hernandiaceae,0.2795,species,2
hernst,Hernandia,stenura,Hernandiaceae,0.2797,genus,0
herrny,Herrania,nycterodendron,Malvaceae,0.4375,family,0
herrpu,Herrania,purpurea,Malvaceae,0.4375,family,0
hevebr,Hevea,brasiliensis,Euphorbiaceae,0.4922,species,6
hip1pa,Hippotis,panamensis,Rubiaceae,0.6341,family,0
hirt5,Hirtella,sp.5,Chrysobalanaceae,0.7980,genus,0
hirtam,Hirtella,americana,Chrysobalanaceae,0.7980,genus,0
hirtgu,Hirtella,guatemalensis,Chrysobalanaceae,0.7980,genus,0
hirtla,Hirtella,latifolia,Chrysobalanaceae,0.7980,genus,0
hirtra,Hirtella,racemosa,Chrysobalanaceae,0.7817,species,3
hirttr,Hirtella,triandra,Chrysobalanaceae,0.6827,species,4
hirttu,Hirtella,tubiflora,Chrysobalanaceae,0.7980,genus,0
hortco,Hortia,colombiana,Rutaceae,0.8420,genus,0
humidi,Humiriastrum,diguense,Humiriaceae,0.6901,genus,0
huracr,Hura,crepitans,Euphorbiaceae,0.3658,species,12
hybapr,Hybanthus,prunifolius,Violaceae,0.6700,species,1
hyeral,Hieronyma,alchorneoides,Phyllanthaceae,0.6285,species,12
hyerob,Hieronyma,oblonga,Phyllanthaceae,0.6030,species,1
hym1me,Hymenolobium,mesoamericanum,Fabaceae,0.6509,genus,0
hymeco,Hymenaea,courbaril,Fabaceae,0.7815,species,15
hymepi,Hymenandra,pittieri,Primulaceae,0.6050,family,0
hypeto,Hyperbaena,tonduzii,Menispermaceae,0.5450,family,0
inga11,Inga,sp.11,Fabaceae,0.5771,genus,0
inga15,Inga,sp.15,Fabaceae,0.5771,genus,0
inga18,Inga,sp.18,Fabaceae,0.5771,genus,0
inga24,Inga,sp.24,Fabaceae,0.5771,genus,0
inga31,Inga,sp.31,Fabaceae,0.5771,genus,0
inga6,Inga,sp.6,Fabaceae,0.5771,genus,0
inga7,Inga,sp.7,Fabaceae,0.5771,genus,0
inga8,Inga,sp.8,Fabaceae,0.5771,genus,0
ingaac,Inga,acrocephala,Fabaceae,0.5125,species,2
ingaal,Inga,alba,Fabaceae,0.5861,species,9
ingabe,Inga,bella,Fabaceae,0.5771,genus,0
ingaca,Inga,capitata,Fabaceae,0.5923,species,3
ingach,Inga,chocoensis,Fabaceae,0.5771,genus,0
ingaci,Inga,ciliata,Fabaceae,0.5771,genus,0
ingaco,Inga,cocleensis,Fabaceae,0.5771,genus,0
ingadw,Inga,dwyeri,Fabaceae,0.5771,genus,0
ingafa,Inga,laurina,Fabaceae,0.6200,species,1
ingafi,Inga,filiformis,Fabaceae,0.5771,genus,0
ingago,Inga,goldmanii,Fabaceae,0.5771,genus,0
ingaje,Inga,jefensis,Fabaceae,0.5771,genus,0
ingale,Inga,leiocalycina,Fabaceae,0.5600,species,1
ingam1,Inga,mucuna,Fabaceae,0.5771,genus,0
ingam2,Inga,multijuga,Fabaceae,0.5771,genus,0
ingama,Inga,marginata,Fabaceae,0.5518,species,5
ingami,Inga,oerstediana,Fabaceae,0.4250,species,1
ingap1,Inga,polita,Fabaceae,0.5771,genus,0
ingapa,Inga,pauciflora,Fabaceae,0.5771,genus,0
ingape,Inga,pezizifera,Fabaceae,0.6065,species,2
ingapu,Inga,punctata,Fabaceae,0.5600,species,1
ingaqu,Inga,nobilis,Fabaceae,0.5600,species,1
ingaru,Inga,ruiziana,Fabaceae,0.5771,genus,0
ingas1,Inga,acuminata,Fabaceae,0.5771,genus,0
ingasa,Inga,sapindoides,Fabaceae,0.5771,genus,0
ingase,Inga,sertulifera,Fabaceae,0.6500,species,1
ingasi,Inga,sierrae,Fabaceae,0.5771,genus,0
ingasp,Inga,spectabilis,Fabaceae,0.5771,genus,0
ingast,Inga,aff.stenophylla,Fabaceae,0.5771,genus,0
ingath,Inga,thibaudiana,Fabaceae,0.5771,genus,0
ingaum,Inga,umbellifera,Fabaceae,0.7240,species,1
ingaur,Inga,urceolata,Fabaceae,0.5771,genus,0
ingav1,Inga,venusta,Fabaceae,0.5771,genus,0
ingave,Inga,vera,Fabaceae,0.5750,species,2
iriade,Iriartea,deltoidea,Arecaceae,0.2670,species,3
ixorfl,Ixora,floribunda,Rubiaceae,0.6341,family,0
jac1ca,Jacaranda,caucana,Bignoniaceae,0.3945,genus,0
jac1co,Jacaranda,copaia,Bignoniaceae,0.3507,species,15
jac2co,Jacaratia,costaricensis,Caricaceae,0.2650,genus,0
jac2sp,Jacaratia,spinosa,Caricaceae,0.2650,genus,0
koanwe,Koanophyllon,wetmorei,Compositae,0.5050,family,0
laciag,Lacistema,aggregatum,Lacistemataceae,0.5055,species,2
lacmpa,Lacmellea,panamensis,Apocynaceae,0.4715,species,2
lacmsp,Lacmellea,speciosa,Apocynaceae,0.5131,genus,0
ladema,Ladenbergia,macrocarpa,Rubiaceae,0.4900,genus,0
laetpr,Laetia,procera,Salicaceae,0.6481,species,10
laetth,Laetia,thamnia,Salicaceae,0.6600,species,1
lafopu,Lafoensia,punicifolia,Lythraceae,0.7050,species,2
laplfr,Gordonia,fruticosa,Theaceae,0.5185,species,2
lau11,Unidentified,sp.11,Unknown,0.5141,plot mean,0
lau13,Unidentified,sp.13,Unknown,0.5141,plot mean,0
lau14,Unidentified,sp.14,Unknown,0.5141,plot mean,0
lau15,Unidentified,sp.15,Unknown,0.5141,plot mean,0
lau16,Unidentified,sp.16,Unknown,0.5141,plot mean,0
lau17,Unidentified,sp.17,Unknown,0.5141,plot mean,0
lau18,Unidentified,sp.18,Unknown,0.5141,plot mean,0
lau19,Unidentified,sp.19,Unknown,0.5141,plot mean,0
lau4,Unidentified,sp.4,Unknown,0.5141,plot mean,0
lau5,Unidentified,sp.5,Unknown,0.5141,plot mean,0
lau8,Unidentified,sp.8,Unknown,0.5141,plot mean,0
laxote,Laxoplumeria,tessmannii,Apocynaceae,0.5662,family,0
leandi,Leandra,dichotoma,Melastomataceae,0.6333,family,0
leangr,Leandra,granatensis,Melastomataceae,0.6333,family,0
lecoam,Lecointea,amazonica,Fabaceae,0.8933,species,3
lecyam,Lecythis,ampla,Lecythidaceae,0.7500,species,2
leongl,Leonia,glycycarpa,Violaceae,0.6000,species,4
lic12,Licaria,sp.2,Lauraceae,0.7928,genus,0
lic1ex,Licaria,excelsa,Lauraceae,0.7928,genus,0
lic1mi,Licaria,misantlae,Lauraceae,0.7928,genus,0
lica1,Licania,sp.1,Chrysobalanaceae,0.8246,genus,0
lica4,Licania,coba,Chrysobalanaceae,0.8246,genus,0
licaaf,Licania,affinis,Chrysobalanaceae,0.8246,genus,0
licaar,Licania,arborea,Chrysobalanaceae,0.6200,species,3
licacr,Licania,cruegeriana,Chrysobalanaceae,0.8246,genus,0
licafa,Licania,fasciculata,Chrysobalanaceae,0.8246,genus,0
licahy,Licania,hypoleuca,Chrysobalanaceae,0.9088,species,5
licaka,Licania,kallunkii,Chrysobalanaceae,0.8246,genus,0
licama,Licania,macrocarpa,Chrysobalanaceae,0.8246,genus,0
licamo,Licania,morii,Chrysobalanaceae,0.8246,genus,0
licapl,Licania,platypus,Chrysobalanaceae,0.6200,species,1
lindla,Lindackeria,laurina,Achariaceae,0.5600,genus,0
loncat,Lonchocarpus,atropurpureus,Fabaceae,0.7033,genus,0
loncla,Lonchocarpus,heptaphyllus,Fabaceae,0.6867,species,4
loncol,Lonchocarpus,oliganthus,Fabaceae,0.7033,genus,0
lopida,Pavonia,dasypetala,Malvaceae,0.4375,family,0
lozapi,Lozania,pittieri,Lacistemataceae,0.5112,family,0
luehse,Luehea,seemannii,Malvaceae,0.4170,species,1
luehsp,Luehea,speciosa,Malvaceae,0.4843,genus,0
lunapa,Lunania,parviflora,Salicaceae,0.6350,species,1
lycima,Lycianthes,maxonii,Solanaceae,0.4572,family,0
mabeoc,Mabea,occidentalis,Euphorbiaceae,0.6082,genus,0
mac1co,Macrolobium,costaricense,Fabaceae,0.6140,genus,0
mac1pi,Macrolobium,pittieri,Fabaceae,0.6140,genus,0
machbi,Machaerium,biovulatum,Fabaceae,0.4947,genus,0
maclti,Maclura,tinctoria,Moraceae,0.7300,species,9
macosp,Macoubea,mesoamericana,Apocynaceae,0.4143,genus,0
macrgl,Macrocnemum,roseum,Rubiaceae,0.4500,species,1
malmdi,Malmea,dimera,Annonaceae,0.3900,genus,0
malmsp,Mosannona,garwoodii,Annonaceae,0.5818,family,0
malois,Malouetia,isthmica,Apocynaceae,0.5000,genus,0
malpal,Malpighia,albiflora,Malpighiaceae,0.6698,family,0
malpro,Malpighia,romeroana,Malpighiaceae,0.6698,family,0
mammim,Mammea,immansueta,Calophyllaceae,0.6400,genus,0
mangin,Mangifera,indica,Anacardiaceae,0.5619,family,0
mani1,Manilkara,sp.1,Sapotaceae,0.8679,genus,0
manibi,Manilkara,bidentata,Sapotaceae,0.8702,species,14
maniza,Manilkara,zapota,Sapotaceae,0.8679,genus,0
maprgu,Maprounea,guianensis,Euphorbiaceae,0.5550,species,4
maquco,Maquira,guianensis,Moraceae,0.7660,species,2
mar11,Marila,sp.1,Calophyllaceae,0.6730,family,0
mar13,Marila,sp.3,Calophyllaceae,0.6730,family,0
mar1do,Marila,domingensis,Calophyllaceae,0.6730,family,0
mar1l1,Marila,lactogena,Calophyllaceae,0.6730,family,0
mar1la,Marila,laxiflora,Calophyllaceae,0.6730,family,0
mar1pl,Marila,pluricostata,Calophyllaceae,0.6730,family,0
marapa,Maranthes,panamensis,Chrysobalanaceae,0.7921,family,0
margno,Margaritaria,nobilis,Phyllanthaceae,0.6223,species,3
mataap,Matayba,apetala,Sapindaceae,0.7713,genus,0
matagl,Matayba,glaberrima,Sapindaceae,0.7713,genus,0
matasc,Matayba,scrobiculata,Sapindaceae,0.7713,genus,0
matiex,Matisia,exalata,Malvaceae,0.5350,genus,0
matije,Matisia,jefensis,Malvaceae,0.5350,genus,0
matisa,Matisia,sanblasensis,Malvaceae,0.5350,genus,0
maynod,Mayna,odorata,Achariaceae,0.5050,family,0
mayt1,Maytenus,sp.1,Celastraceae,0.7446,genus,0
maytsc,Maytenus,schippii,Celastraceae,0.7446,genus,0
mel4,Unidentified,sp.4,Unknown,0.5141,plot mean,0
melig1,Meliosma,hoja_grande,Sabiaceae,0.4150,genus,0
meligl,Meliosma,glabrata,Sabiaceae,0.4150,genus,0
meligr,Meliosma,grandiflora,Sabiaceae,0.4150,genus,0
meliid,Meliosma,idiopoda,Sabiaceae,0.4150,genus,0
melioc,Meliosma,occidentalis,Sabiaceae,0.4150,genus,0
mico10,Miconia,sp.10,Melastomataceae,0.6242,genus,0
mico14,Miconia,sp.14,Melastomataceae,0.6242,genus,0
mico3,Miconia,sp.3,Melastomataceae,0.6242,genus,0
mico5,Miconia,sp.5,Melastomataceae,0.6242,genus,0
mico9,Miconia,sp.9,Melastomataceae,0.6242,genus,0
micoaf,Miconia,affinis,Melastomataceae,0.6242,genus,0
micoar,Miconia,argentea,Melastomataceae,0.5890,species,1
micoce,Miconia,centronioides,Melastomataceae,0.6242,genus,0
micodo,Miconia,dorsiloba,Melastomataceae,0.6242,genus,0
micoel,Miconia,elata,Melastomataceae,0.4700,species,1
micoho,Miconia,hondurensis,Melastomataceae,0.6242,genus,0
micoim,Miconia,impetiolaris,Melastomataceae,0.6242,genus,0
micoli,Miconia,ligulata,Melastomataceae,0.6242,genus,0
micomu,Miconia,multispicata,Melastomataceae,0.6242,genus,0
micone,Miconia,nervosa,Melastomataceae,0.6242,genus,0
micopo,Miconia,poeppigii,Melastomataceae,0.5967,species,3
micopr,Miconia,prasina,Melastomataceae,0.7050,species,2
micopu,Miconia,punctata,Melastomataceae,0.6242,genus,0
micore,Miconia,reducens,Melastomataceae,0.6200,species,1
micose,Miconia,serrulata,Melastomataceae,0.6242,genus,0
micosi,Miconia,simplex,Melastomataceae,0.6242,genus,0
micotr,Miconia,trinervia,Melastomataceae,0.6200,species,1
micoum,Miconia,umbriensis,Melastomataceae,0.6242,genus,0
micrme,Micropholis,melinoniana,Sapotaceae,0.5300,species,3
micrve,Micropholis,venulosa,Sapotaceae,0.6700,species,5
minqgu,Minquartia,guianensis,Olacaceae,0.7867,species,14
mollda,Mollinedia,darienensis,Monimiaceae,0.5141,plot mean,0
mollpi,Mollinedia,pinchotiana,Monimiaceae,0.5141,plot mean,0
mort1,Mortoniodendron,sp.1,Malvaceae,0.4375,family,0
mortan,Mortoniodendron,anisophyllum,Malvaceae,0.4375,family,0
mosqja,Mosquitoxylum,jamaicense,Anacardiaceae,0.5619,family,0
mour1,Mouriri,coba,Melastomataceae,0.8400,genus,0
mourco,Mouriri,cf.completens,Melastomataceae,0.8400,genus,0
mourex,Mouriri,aff.exilis,Melastomataceae,0.8400,genus,0
mourmy,Mouriri,myrtilloides,Melastomataceae,0.8400,genus,0
mourpa,Mouriri,panamensis,Melastomataceae,0.8400,genus,0
muntca,Muntingia,calabura,Muntingiaceae,0.3000,species,1
myr21,Myrciaria,sp.1,Myrtaceae,0.6575,genus,0
myr22,Myrciaria,sp.2,Myrtaceae,0.6575,genus,0
myr2fl,Myrciaria,floribunda,Myrtaceae,0.7850,species,2
myrc4,Myrcia,sp.4,Myrtaceae,0.8057,genus,0
myrc5,Myrcia,sp.5,Myrtaceae,0.8057,genus,0
myrc6,Myrcia,sp.6,Myrtaceae,0.8057,genus,0
myrcga,Myrcia,gatunensis,Myrtaceae,0.8057,genus,0
myrcpa,Myrcia,panamensis,Myrtaceae,0.8057,genus,0
myrcsp,Myrcia,splendens,Myrtaceae,0.8000,species,1
myrcze,Aulomyrcia,zetekiana,Myrtaceae,0.7592,family,0
myrilo,Myriocarpa,longipes,Urticaceae,0.3349,family,0
myrofr,Myrospermum,frutescens,Fabaceae,0.8300,species,1
myrs1,Myrsine,sp.1,Primulaceae,0.7000,genus,0
myt11,Unidentified,sp.11,Unknown,0.5141,plot mean,0
myt13,Unidentified,sp.13,Unknown,0.5141,plot mean,0
myt15,Unidentified,sp.15,Unknown,0.5141,plot mean,0
myt16,Unidentified,sp.16,Unknown,0.5141,plot mean,0
myt17,Unidentified,sp.17,Unknown,0.5141,plot mean,0
myt18,Unidentified,sp.18,Unknown,0.5141,plot mean,0
myt19,Unidentified,sp.19,Unknown,0.5141,plot mean,0
myt20,Unidentified,sp.20,Unknown,0.5141,plot mean,0
myt21,Unidentified,sp.21,Unknown,0.5141,plot mean,0
naucca,Naucleopsis,capirensis,Moraceae,0.6505,genus,0
naucst,Naucleopsis,straminea,Moraceae,0.6505,genus,0
naucul,Naucleopsis,ulei,Moraceae,0.6700,species,1
nect11,Nectandra,sp.11,Lauraceae,0.5022,genus,0
nect12,Nectandra,sp.12,Lauraceae,0.5022,genus,0
nect3,Nectandra,sp.3,Lauraceae,0.5022,genus,0
nect9,Nectandra,sp.9,Lauraceae,0.5022,genus,0
nectci,Nectandra,cissiflora,Lauraceae,0.5022,genus,0
nectcu,Nectandra,cuspidata,Lauraceae,0.5180,species,4
nectgl,Nectandra,lineata,Lauraceae,0.5022,genus,0
nectma,Nectandra,martinicensis,Lauraceae,0.5022,genus,0
nectpu,Nectandra,purpurea,Lauraceae,0.4310,species,1
nects1,Nectandra,fuzzy,Lauraceae,0.5022,genus,0
nects3,Nectandra,sp.4_(tiny_leaf),Lauraceae,0.5022,genus,0
neea1,Neea,sp.1,Nyctaginaceae,0.6944,genus,0
neea2,Neea,sp.2,Nyctaginaceae,0.6944,genus,0
neea3,Neea,sp.3,Nyctaginaceae,0.6944,genus,0
neea4,Neea,sp.4,Nyctaginaceae,0.6944,genus,0
neea6,Neea,roja,Nyctaginaceae,0.6944,genus,0
neea7,Neea,sp.7,Nyctaginaceae,0.6944,genus,0
neeaam,Neea,amplifolia,Nyctaginaceae,0.6944,genus,0
neeade,Neea,delicatula,Nyctaginaceae,0.6944,genus,0
neeala,Neea,laetevirens,Nyctaginaceae,0.6944,genus,0
nyc1,Guapira,campochagres,Nyctaginaceae,0.4923,genus,0
ochrpy,Ochroma,pyramidale,Malvaceae,0.1485,species,10
ocot13,Ocotea,sp.13,Lauraceae,0.5128,genus,0
ocot14,Ocotea,sp.14,Lauraceae,0.5128,genus,0
ocot17,Ocotea,sp.17,Lauraceae,0.5128,genus,0
ocot18,Ocotea,sp.18,Lauraceae,0.5128,genus,0
ocot19,Ocotea,sp.19,Lauraceae,0.5128,genus,0
ocot5,Ocotea,sp.5,Lauraceae,0.5128,genus,0
ocot6,Ocotea,sp.6,Lauraceae,0.5128,genus,0
ocot7,Ocotea,sp.7,Lauraceae,0.5128,genus,0
ocot9,Ocotea,sp.9,Lauraceae,0.5128,genus,0
ocotar,Ocotea,arcuata,Lauraceae,0.5128,genus,0
ocotce,Ocotea,cernua,Lauraceae,0.4535,species,2
ocotde,Ocotea,dendrodaphne,Lauraceae,0.4900,species,1
ocoten,Ocotea,endresiana,Lauraceae,0.5128,genus,0
ocotha,Ocotea,hartshorniana,Lauraceae,0.3800,species,1
ocothe,Ocotea,helicterifolia,Lauraceae,0.5128,genus,0
ocotir,Ocotea,insularis,Lauraceae,0.5128,genus,0
ocotjo,Ocotea,jorge-escobarii,Lauraceae,0.5128,genus,0
ocotle,Ocotea,leucoxylon,Lauraceae,0.4620,species,2
ocotob,Ocotea,oblonga,Lauraceae,0.3855,species,4
ocotpa,Ocotea,atirrensis,Lauraceae,0.4800,species,1
ocotpu,Ocotea,puberula,Lauraceae,0.4550,species,2
ocotru,Ocotea,rubrinervis,Lauraceae,0.5128,genus,0
ocotto,Ocotea,tonduzii,Lauraceae,0.5128,genus,0
ocotve,Ocotea,veraguensis,Lauraceae,0.5128,genus,0
ocotwh,Ocotea,whitei,Lauraceae,0.5128,genus,0
oenoma,Oenocarpus,mapora,Arecaceae,0.7130,species,1
olmeas,Trophis,caucana,Moraceae,0.4700,species,1
oreo2,Oreopanax,sp.2,Araliaceae,0.5000,genus,0
oreoca,Oreopanax,capitatus,Araliaceae,0.5000,genus,0
ormoam,Ormosia,amazonica,Fabaceae,0.6014,genus,0
ormocr,Ormosia,coccinea,Fabaceae,0.6250,species,6
ormoma,Ormosia,macrocalyx,Fabaceae,0.6014,genus,0
ostepl,Osteophloeum,platyspermum,Myristicaceae,0.4659,species,7
otobac,Otoba,acuminata,Myristicaceae,0.3968,genus,0
otobno,Otoba,novogranatensis,Myristicaceae,0.3500,species,1
otobpa,Otoba,parvifolia,Myristicaceae,0.4258,species,6
ouraco,Ouratea,prominens,Ochnaceae,0.7737,genus,0
ourakn,Ouratea,knappiae,Ochnaceae,0.7737,genus,0
ouralu,Ouratea,lucens,Ochnaceae,0.7737,genus,0
oxanlo,Oxandra,longipetala,Annonaceae,0.7367,genus,0
oxanpa,Oxandra,panamensis,Annonaceae,0.7367,genus,0
paligu,Palicourea,guianensis,Rubiaceae,0.5400,species,2
panosu,Panopsis,suaveolens,Proteaceae,0.5118,genus,0
par21,Parathesis,sp.1,Primulaceae,0.6200,genus,0
par2am,Parathesis,amplifolia,Primulaceae,0.6200,genus,0
parkni,Parkia,nitida,Fabaceae,0.3830,species,11
parmce,Parmentiera,cereifera,Bignoniaceae,0.5785,family,0
pentco,Pentagonia,costaricensis,Rubiaceae,0.6341,family,0
pentgy,Pentagonia,gymnopoda,Rubiaceae,0.6341,family,0
pentma,Pentagonia,macrophylla,Rubiaceae,0.6341,family,0
pentpa,Pentagonia,parvifolia,Rubiaceae,0.6341,family,0
peraar,Pera,arborea,Peraceae,0.7300,species,1
pere1,Perebea,sp.1,Moraceae,0.5005,genus,0
perean,Perebea,angustifolia,Moraceae,0.5170,species,1
peregu,Perebea,guianensis,Moraceae,0.5600,species,2
perexa,Perebea,xanthochyma,Moraceae,0.5600,species,1
phoe1,Phoebe,sp.1,Lauraceae,0.5775,genus,0
phoeci,Cinnamomum,triplinerve,Lauraceae,0.4700,genus,0
phylac,Phyllanthus,acuminatus,Phyllanthaceae,0.5867,genus,0
picrla,Picramnia,latifolia,Picramniaceae,0.5800,family,0
pipe5,Piper,sp.5,Piperaceae,0.3300,genus,0
pipe6,Piper,sp.6,Piperaceae,0.3300,genus,0
pipe7,Piper,sp.7,Piperaceae,0.3300,genus,0
pipe8,Piper,sp.8,Piperaceae,0.3300,genus,0
pipea1,Piper,arboreum,Piperaceae,0.3300,genus,0
pipea4,Piper,augustum,Piperaceae,0.3300,genus,0
pipeae,Piper,aequale,Piperaceae,0.3300,genus,0
pipeau,Piper,auritum,Piperaceae,0.3300,genus,0
pipeca,Piper,schiedeanum,Piperaceae,0.3300,genus,0
pipeco,Piper,cordulatum,Piperaceae,0.3300,genus,0
pipecu,Piper,colonense,Piperaceae,0.3300,genus,0
pipegr,Piper,grande,Piperaceae,0.3300,genus,0
pipehi,Piper,hispidum,Piperaceae,0.3300,genus,0
pipeim,Piper,imperialis,Piperaceae,0.3300,genus,0
pipelo,Piper,longispicum,Piperaceae,0.3300,genus,0
pipepe,Piper,perlasense,Piperaceae,0.3300,genus,0
pipere,Piper,reticulatum,Piperaceae,0.3300,species,1
pit1ba,Abarema,barbouriana,Fabaceae,0.5116,genus,0
pit1di,Zygia,dinizii,Fabaceae,0.7176,genus,0
pit1ma,Abarema,macradenia,Fabaceae,0.4380,species,1
pit1ru,Cojoba,rufescens,Fabaceae,0.6968,family,0
pla1pi,Platymiscium,pinnatum,Fabaceae,0.7157,species,7
pla2el,Platypodium,elegans,Fabaceae,0.7500,species,1
ple1li,Pleuranthodendron,lindenii,Salicaceae,0.6017,family,0
pleu2,Pleurothyrium,sp.2_(hoja_grande),Lauraceae,0.4700,genus,0
pleuhe,Pleurothyrium,aff.hexaglandulosum,Lauraceae,0.4700,genus,0
pleura,Pleurothyrium,racemosum,Lauraceae,0.4700,genus,0
pochaq,Pachira,aquatica,Malvaceae,0.3767,species,3
pochqu,Pachira,quinata,Malvaceae,0.4150,species,7
pochse,Pachira,sessilis,Malvaceae,0.4200,species,1
podogu,Podocarpus,guatemalensis,Podocarpaceae,0.4000,species,1
podool,Podocarpus,oleifolius,Podocarpaceae,0.4533,species,3
pogosp,Pogonopus,exsertus,Rubiaceae,0.6341,family,0
poso1,Posoqueria,sp.1_(hojas_chicas),Rubiaceae,0.5123,genus,0
posola,Posoqueria,latifolia,Rubiaceae,0.5697,species,3
poular,Poulsenia,armata,Moraceae,0.3588,species,6
pourbi,Pourouma,bicolor,Urticaceae,0.3532,species,6
pourmi,Pourouma,minor,Urticaceae,0.4360,species,4
pout10,Pouteria,sp.10,Sapotaceae,0.7559,genus,0
pout17,Pouteria,sp.17,Sapotaceae,0.7559,genus,0
pout18,Pouteria,sp.18,Sapotaceae,0.7559,genus,0
pout20,Pouteria,sp.20,Sapotaceae,0.7559,genus,0
pout21,Pouteria,sp.21,Sapotaceae,0.7559,genus,0
pout23,Pouteria,sp.23,Sapotaceae,0.7559,genus,0
pout27,Pouteria,sp.27,Sapotaceae,0.7559,genus,0
pout28,Pouteria,sp.28,Sapotaceae,0.7559,genus,0
pout30,Pouteria,sp.30,Sapotaceae,0.7559,genus,0
pout3,Pouteria,sp.3,Sapotaceae,0.7559,genus,0
pout4,Pouteria,sp.4,Sapotaceae,0.7559,genus,0
pout7,Pouteria,sp.7,Sapotaceae,0.7559,genus,0
pout8,Pouteria,sp.8,Sapotaceae,0.7559,genus,0
pout9,Pouteria,sp.9,Sapotaceae,0.7559,genus,0
poutb1,Pouteria,bulliformis,Sapotaceae,0.7559,genus,0
poutbu,Pouteria,buenaventurensis,Sapotaceae,0.5600,species,1
poutc1,Pouteria,calistophylla,Sapotaceae,0.7559,genus,0
poutca,Pouteria,campechiana,Sapotaceae,0.7559,genus,0
poutco,Pouteria,congestifolia,Sapotaceae,0.7559,genus,0
poutcu,Pouteria,cuspidata,Sapotaceae,0.9000,species,1
poutdu,Pouteria,durlandii,Sapotaceae,0.5800,species,1
poutf1,Pouteria,foveolata,Sapotaceae,0.7559,genus,0
poutfo,Pouteria,fossicola,Sapotaceae,0.7559,genus,0
poutgl,Pouteria,glomerata,Sapotaceae,0.6790,species,3
poutle,Pouteria,leptopedicellata,Sapotaceae,0.7559,genus,0
poutre,Pouteria,reticulata,Sapotaceae,0.7940,species,3
poutsc,Pouteria,sclerocarpa.aff,Sapotaceae,0.7559,genus,0
poutst,Pouteria,stipitata,Sapotaceae,0.7559,genus,0
poutsy,Pouteria,silvestris,Sapotaceae,0.7559,genus,0
poutto,Pouteria,torta,Sapotaceae,0.7685,species,6
presde,Prestoea,decurrens,Arecaceae,0.2500,species,1
pri2co,Prioria,copaifera,Fabaceae,0.4136,species,7
proccr,Prockia,crucis,Salicaceae,0.5800,species,1
protco,Protium,costaricense,Burseraceae,0.5474,genus,0
protgl,Protium,glabrum,Burseraceae,0.5474,genus,0
protgu,Protium,aff.guianense,Burseraceae,0.5474,genus,0
protpa,Protium,panamense,Burseraceae,0.4523,species,3
protsp,Protium,confusum,Burseraceae,0.5474,genus,0
protte,Protium,tenuifolium,Burseraceae,0.5697,species,8
prottr,Protium,trifoliolatum,Burseraceae,0.6850,species,2
pse1se,Pseudobombax,septenatum,Malvaceae,0.2117,species,3
pse2la,Pseudolmedia,laevigata,Moraceae,0.6290,species,6
pse2sp,Pseudolmedia,spuria,Moraceae,0.7500,species,1
pse3fr,Pseudima,frutescens,Sapindaceae,0.8000,species,1
psidfr,Psidium,friedrichsthalianum,Myrtaceae,0.6845,genus,0
psyc4,Psychotria,sp.4,Rubiaceae,0.5200,genus,0
psycac,Psychotria,acuminata,Rubiaceae,0.5200,genus,0
psycal,Psychotria,allenii,Rubiaceae,0.5200,genus,0
psycb1,Psychotria,brachiata,Rubiaceae,0.5200,genus,0
psycb2,Psychotria,brachybotrya,Rubiaceae,0.5200,genus,0
psycc1,Psychotria,capitata,Rubiaceae,0.5200,genus,0
psycca,Psychotria,calophylla,Rubiaceae,0.5200,genus,0
psycch,Psychotria,chagrensis,Rubiaceae,0.5200,genus,0
psycci,Psychotria,cincta,Rubiaceae,0.5200,genus,0
psycde,Psychotria,deflexa,Rubiaceae,0.5200,genus,0
psycel,Psychotria,elata,Rubiaceae,0.5200,genus,0
psycer,Psychotria,erecta,Rubiaceae,0.5200,genus,0
psycfu,Psychotria,hoffmannseggiana,Rubiaceae,0.5200,genus,0
psycg1,Psychotria,graciliflora,Rubiaceae,0.5200,genus,0
psycg2,Psychotria,tenuifolia,Rubiaceae,0.5200,genus,0
psycg3,Psychotria,grandis,Rubiaceae,0.5200,genus,0
psycho,Psychotria,horizontalis,Rubiaceae,0.5200,genus,0
psycli,Psychotria,limonensis,Rubiaceae,0.5200,genus,0
psyclu,Psychotria,luxurians,Rubiaceae,0.5200,genus,0
psycma,Psychotria,marginata,Rubiaceae,0.5200,genus,0
psycpa,Psychotria,panamensis,Rubiaceae,0.5200,genus,0
psycpi,Psychotria,cyanococca,Rubiaceae,0.5200,genus,0
psycpo,Psychotria,poeppigiana,Rubiaceae,0.5200,genus,0
psycps,Psychotria,psychotriifolia,Rubiaceae,0.5200,genus,0
psycra,Psychotria,racemosa,Rubiaceae,0.5200,genus,0
psycsa,Psychotria,santaritensis,Rubiaceae,0.5200,genus,0
psycsu,Psychotria,suerrensis,Rubiaceae,0.5200,genus,0
psycum,Psychotria,umbelliformis,Rubiaceae,0.5200,genus,0
pter2,Pterocarpus,sp.2,Fabaceae,0.4871,genus,0
pter3,Pterocarpus,sp.3,Fabaceae,0.4871,genus,0
pterac,Pterocarpus,acapulcensis,Fabaceae,0.4871,genus,0
pterof,Pterocarpus,officinalis,Fabaceae,0.3786,species,7
pterro,Pterocarpus,rohrii,Fabaceae,0.4163,species,4
qualpo,Qualea,polychroma,Vochysiaceae,0.6192,genus,0
quar3,Quararibea,sp.3,Malvaceae,0.4914,genus,0
quaras,Quararibea,asterolepis,Malvaceae,0.4540,species,2
quarob,Matisia,obliquifolia,Malvaceae,0.5350,genus,0
quarpl,Quararibea,platyphylla,Malvaceae,0.4914,genus,0
quasam,Quassia,amara,Simaroubaceae,0.4700,species,1
quetoc,Quetzalia,occidentalis,Celastraceae,0.7015,family,0
quiisc,Quiina,schippii,Ochnaceae,0.8615,genus,0
rand2,Randia,sp.2,Rubiaceae,0.6900,genus,0
rand3,Randia,sp.3,Rubiaceae,0.6900,genus,0
randar,Randia,armata,Rubiaceae,0.6900,species,1
randfo,Rosenbergiodendron,formosum,Rubiaceae,0.6341,family,0
randgr,Randia,grandifolia,Rubiaceae,0.6900,genus,0
randho,Randia,hondensis,Rubiaceae,0.6900,genus,0
rauvli,Rauvolfia,littoralis,Apocynaceae,0.4952,genus,0
rino2,Rinorea,sp.2,Violaceae,0.6736,genus,0
rino3,Rinorea,sp.3,Violaceae,0.6736,genus,0
rino4,Rinorea,sp.4,Violaceae,0.6736,genus,0
rinoap,Rinorea,apiculata,Violaceae,0.6736,genus,0
rinoda,Rinorea,dasyadena,Violaceae,0.6736,genus,0
rinohu,Rinorea,hummelii,Violaceae,0.6736,genus,0
rinoli,Rinorea,lindeniana,Violaceae,0.6736,genus,0
rinosq,Rinorea,squamata,Violaceae,0.6736,genus,0
rinosy,Rinorea,sylvatica,Violaceae,0.6736,genus,0
rollpi,Rollinia,pittieri,Annonaceae,0.2700,species,1
roupmo,Roupala,montana,Proteaceae,0.7300,species,2
rub6,Unidentified,sp.6,Unknown,0.5141,plot mean,0
rudg1,Rudgea,sp.1,Rubiaceae,0.6341,family,0
rudgco,Rudgea,cornifolia,Rubiaceae,0.6341,family,0
rudgpi,Rudgea,pittieri,Rubiaceae,0.6341,family,0
ruprco,Ruprechtia,costata,Polygonaceae,0.5700,genus,0
ruptca,Ruptiliocarpon,caracolito,Lepidobotryaceae,0.5141,plot mean,0
ryansp,Ryania,speciosa,Salicaceae,0.6017,family,0
sacoov,Sacoglottis,ovicarpa,Humiriaceae,0.7695,genus,0
sacotr,Sacoglottis,trichogyna,Humiriaceae,0.7695,genus,0
salaju,Salacia,juruana,Celastraceae,0.7015,family,0
salape,Salacia,petenensis,Celastraceae,0.7015,family,0
samasa,Samanea,saman,Fabaceae,0.6968,family,0
sap1sa,Sapindus,saponaria,Sapindaceae,0.7000,species,2
sap3,Unidentified,sp.3,Unknown,0.5141,plot mean,0
sap4,Unidentified,sp.4,Unknown,0.5141,plot mean,0
sap5,Unidentified,sp.5,Unknown,0.5141,plot mean,0
sap6,Unidentified,sp.6,Unknown,0.5141,plot mean,0
sap7,Unidentified,sp.7,Unknown,0.5141,plot mean,0
sap8,Unidentified,sp.8,Unknown,0.5141,plot mean,0
sapi2,Sapium,sp.2,Euphorbiaceae,0.4318,genus,0
sapiau,Sapium,glandulosum,Euphorbiaceae,0.4153,species,8
sapila,Sapium,laurifolium,Euphorbiaceae,0.4318,genus,0
sapisp,Sapium,broadleaf,Euphorbiaceae,0.4318,genus,0
sarcbr,Sarcaulus,brasiliensis,Sapotaceae,0.6150,species,1
saurla,Saurauia,yasicae,Actinidiaceae,0.5141,plot mean,0
sch1zo,Attalea,butyracea,Arecaceae,0.3260,species,1
sch2mo,Schefflera,morototoni,Araliaceae,0.4584,species,14
schipa,Schizolobium,parahyba,Fabaceae,0.3583,species,6
sciaex,Sciadodendron,excelsum,Araliaceae,0.4854,family,0
scleco,Sclerolobium,costaricense,Fabaceae,0.5276,genus,0
sennda,Senna,dariensis,Fabaceae,0.5555,genus,0
sideco,Sideroxylon,cf.contrerasii,Sapotaceae,0.8640,genus,0
sidepe,Sideroxylon,persimile,Sapotaceae,0.8640,genus,0
sim1po,Simaba,polyphylla,Simaroubaceae,0.4103,genus,0
simaam,Simarouba,amara,Simaroubaceae,0.3833,species,18
sipa3,Siparuna,sp.3,Siparunaceae,0.6618,genus,0
sipacu,Siparuna,cuspidata,Siparunaceae,0.6550,species,2
sipagu,Siparuna,guianensis,Siparunaceae,0.6618,genus,0
sipapa,Siparuna,pauciflora,Siparunaceae,0.6618,genus,0
sloa5,Sloanea,sp.5,Elaeocarpaceae,0.7860,genus,0
sloa6,Sloanea,sp.6,Elaeocarpaceae,0.7860,genus,0
sloa7,Sloanea,sp.7,Elaeocarpaceae,0.7860,genus,0
sloa8,Sloanea,sp.8,Elaeocarpaceae,0.7860,genus,0
sloa9,Sloanea,sp.9,Elaeocarpaceae,0.7860,genus,0
sloala,Sloanea,laurifolia,Elaeocarpaceae,0.8155,species,2
sloam1,Sloanea,meianthera,Elaeocarpaceae,0.7860,genus,0
sloam2,Sloanea,medusula,Elaeocarpaceae,0.7860,genus,0
sloame,Sloanea,megaphylla,Elaeocarpaceae,0.7860,genus,0
sloate,Sloanea,terniflora,Elaeocarpaceae,0.7860,genus,0
sloazu,Sloanea,zuliaensis,Elaeocarpaceae,0.7860,genus,0
socrex,Socratea,exorrhiza,Arecaceae,0.2300,species,1
sola3,Solanum,sp.3,Solanaceae,0.2800,genus,0
solaar,Solanum,arboreum,Solanaceae,0.2800,genus,0
solaas,Solanum,asperum,Solanaceae,0.2800,genus,0
solaex,Solanum,cordovense,Solanaceae,0.2800,genus,0
solaha,Solanum,hayesii,Solanaceae,0.2800,genus,0
solast,Solanum,steyermarkii,Solanaceae,0.2800,genus,0
soroaf,Sorocea,affinis,Moraceae,0.5775,genus,0
soropu,Sorocea,pubivena,Moraceae,0.5775,genus,0
spacme,Spachea,membranacea,Malpighiaceae,0.5950,genus,0
sponcy,Spondias,dulcis,Anacardiaceae,0.3500,genus,0
sponmo,Spondias,mombin,Anacardiaceae,0.3899,species,15
sponra,Spondias,radlkoferi,Anacardiaceae,0.3100,species,1
stem1,Stemmadenia,sp.1,Apocynaceae,0.4700,genus,0
stem3,Stemmadenia,sp.3,Apocynaceae,0.4700,genus,0
stemgr,Stemmadenia,grandiflora,Apocynaceae,0.4700,genus,0
ster2,Sterculia,sp.2,Malvaceae,0.4903,genus,0
sterap,Sterculia,apetala,Malvaceae,0.3922,species,9
stergl,Sterculia,costaricana,Malvaceae,0.4903,genus,0
sterre,Sterculia,recordiana,Malvaceae,0.4900,species,2
stylst,Stylogyne,turbacensis,Primulaceae,0.4825,genus,0
swarpa,Swartzia,panamensis,Leguminosae,0.8407,genus,0
swars1,Swartzia,simplex,Leguminosae,0.8407,genus,0
swars2,Swartzia,simplex,Leguminosae,0.8407,genus,0
swiema,Swietenia,macrophylla,Meliaceae,0.5106,species,9
sympgl,Symphonia,globulifera,Clusiaceae,0.6081,species,12
synewa,Synechanthus,warscewiczianus,Arecaceae,0.3930,family,0
tab1gu,Tabebuia,guayacan,Bignoniaceae,0.8350,species,2
tab1oc,Tabebuia,ochracea,Bignoniaceae,0.8000,species,2
tab1ro,Tabebuia,rosea,Bignoniaceae,0.5033,species,3
tab2ar,Tabernaemontana,arborea,Apocynaceae,0.4623,genus,0
tab2pa,Tabernaemontana,panamensis,Apocynaceae,0.4623,genus,0
tab2pe,Tabernaemontana,longipes,Apocynaceae,0.4623,genus,0
tab2un,Tabernaemontana,undulata,Apocynaceae,0.5850,species,1
tachve,Tachigali,versicolor,Fabaceae,0.5210,species,1
talagl,Talauma,gloriensis,Magnoliaceae,0.4971,family,0
talasa,Talauma,sambuensis,Magnoliaceae,0.4971,family,0
taline,Talisia,nervosa,Sapindaceae,0.8187,genus,0
talipr,Talisia,croatii,Sapindaceae,0.8187,genus,0
tapigu,Tapirira,guianensis,Anacardiaceae,0.4570,species,8
tapucu,Tapura,cubensis,Dichapetalaceae,0.6402,genus,0
term1,Terminalia,sp.1,Combretaceae,0.6809,genus,0
termam,Terminalia,amazonia,Combretaceae,0.6735,species,12
termob,Terminalia,oblonga,Combretaceae,0.6942,species,6
ternte,Ternstroemia,tepezapote,Pentaphylacaceae,0.6900,genus,0
tet2pa,Tetragastris,panamensis,Burseraceae,0.7173,species,9
tet4jo,Tetrathylacium,johansenii,Salicaceae,0.6200,genus,0
tet4ma,Tetrathylacium,macrophyllum,Salicaceae,0.6200,species,1
tet5eu,Tetrorchidium,euryphyllum,Euphorbiaceae,0.5423,family,0
tet5go,Tetrorchidium,gorgonae,Euphorbiaceae,0.5423,family,0
theobe,Theobroma,bernoullii,Malvaceae,0.5316,genus,0
theoca,Theobroma,cacao,Malvaceae,0.4200,species,2
theoch,Theobroma,simiarum,Malvaceae,0.5316,genus,0
theosp,Theobroma,speciosum,Malvaceae,0.6300,species,2
thevah,Thevetia,ahouai,Apocynaceae,0.5662,family,0
toc1gu,Tococa,guianensis,Melastomataceae,0.6333,family,0
tocopi,Tocoyena,pittieri,Rubiaceae,0.6200,genus,0
tovo1,Tovomita,sp.1,Clusiaceae,0.6950,genus,0
tovolo,Tovomita,longifolia,Clusiaceae,0.6950,genus,0
tovost,Tovomita,stylosa,Clusiaceae,0.6950,genus,0
tovowe,Tovomita,weddelliana,Clusiaceae,0.6950,genus,0
tratas,Trattinnickia,aspera,Burseraceae,0.4240,species,1
tratbu,Trattinnickia,burserifolia,Burseraceae,0.4600,species,4
tremin,Trema,integerrima,Cannabaceae,0.3000,species,1
tremmi,Trema,micrantha,Cannabaceae,0.2863,species,4
tri1gi,Trichanthera,gigantea,Acanthaceae,0.4500,species,1
tri2hi,Trichilia,hirta,Meliaceae,0.5500,species,2
tri2pa,Trichilia,pallida,Meliaceae,0.6700,species,1
tri2pl,Trichilia,pleeana,Meliaceae,0.6200,species,3
tri2po,Trichilia,poeppigii,Meliaceae,0.6409,genus,0
tri2qu,Trichilia,quadrijuga,Meliaceae,0.5482,species,4
tri2se,Trichilia,septentrionalis,Meliaceae,0.6409,genus,0
tri2to,Trichilia,martiana,Meliaceae,0.6409,genus,0
tri2tu,Trichilia,tuberculata,Meliaceae,0.6275,species,2
tri4ga,Trichospermum,galeottii,Malvaceae,0.2700,species,2
tripcu,Triplaris,cumingiana,Polygonaceae,0.5200,species,3
tropra,Trophis,racemosa,Moraceae,0.5990,species,2
turnpa,Turnera,panamensis,Passifloraceae,0.5141,plot mean,0
turpoc,Turpinia,occidentalis,Staphyleaceae,0.3400,species,1
un1m39,Unidentified,monitoreo_39,Unknown,0.5141,plot mean,0
un1m40,Unidentified,monitoreo_40,Unknown,0.5141,plot mean,0
un1m41,Unidentified,monitoreo_41_1,Unknown,0.5141,plot mean,0
un2_sh,Unidentified,(sherman),Unknown,0.5141,plot mean,0
uniden,Unidentified,species,Unknown,0.5141,plot mean,0
unon1,Unonopsis,sp.1,Annonaceae,0.5344,genus,0
unon2,Unonopsis,sp.2,Annonaceae,0.5344,genus,0
unon3,Unonopsis,peludo,Annonaceae,0.5344,genus,0
unonpa,Unonopsis,panamensis,Annonaceae,0.5344,genus,0
unonpi,Unonopsis,pittieri,Annonaceae,0.3680,species,1
unonth,Unonopsis,theobromifolia,Annonaceae,0.5344,genus,0
unonve,Unonopsis,aff.veneficiorum,Annonaceae,0.5344,genus,0
urerba,Urera,baccifera,Urticaceae,0.1800,genus,0
urerca,Urera,caracasana,Urticaceae,0.1800,species,1
vantde,Vantanea,depleta,Humiriaceae,0.8221,genus,0
vataer,Vatairea,erythrocarpa,Fabaceae,0.6568,genus,0
verbgi,Verbesina,gigantea,Compositae,0.5050,family,0
verbla,Verbesina,lanata,Compositae,0.5050,family,0
vernpa,Vernonanthura,patens,Compositae,0.5400,species,1
viroel,Virola,elongata,Myristicaceae,0.5233,species,3
virogu,Virola,guatemalensis,Myristicaceae,0.4761,genus,0
viroko,Virola,koschnyi,Myristicaceae,0.4078,species,4
viroma,Virola,macrocarpa,Myristicaceae,0.4761,genus,0
virome,Virola,megacarpa,Myristicaceae,0.4761,genus,0
virose,Virola,sebifera,Myristicaceae,0.4454,species,8
virosp,Virola,multiflora,Myristicaceae,0.4580,species,1
virosu,Virola,surinamensis,Myristicaceae,0.4179,species,11
vismba,Vismia,baccifera,Hypericaceae,0.4300,species,1
vismbi,Vismia,billbergiana,Hypericaceae,0.4637,genus,0
vismje,Vismia,jefensis,Hypericaceae,0.4637,genus,0
vismma,Vismia,macrophylla,Hypericaceae,0.4935,species,2
viteco,Vitex,cooperi,Lamiaceae,0.5558,genus,0
vitecy,Vitex,cymosa,Lamiaceae,0.5625,species,4
voch1,Vochysia,sp.1,Vochysiaceae,0.4420,genus,0
vochfe,Vochysia,ferruginea,Vochysiaceae,0.4102,species,6
vochho,Vochysia,guatemalensis,Vochysiaceae,0.3613,species,4
warsco,Warszewiczia,coccinea,Rubiaceae,0.5565,species,2
welfre,Welfia,regia,Arecaceae,0.4000,species,1
wetthi,Wettinia,quinaria,Arecaceae,0.3930,family,0
ximeam,Ximenia,americana,Olacaceae,0.8250,species,2
xyl1ar,Xylopia,aromatica,Annonaceae,0.5613,species,4
xyl1bo,Xylopia,bocatorena,Annonaceae,0.5950,genus,0
xyl1fr,Xylopia,frutescens,Annonaceae,0.5800,species,2
xyl1ma,Xylopia,macrantha,Annonaceae,0.8740,species,1
xyl1se,Xylopia,sericea,Annonaceae,0.5950,genus,0
xyl2ch,Xylosma,chlorantha,Salicaceae,0.6017,family,0
xyl2ol,Xylosma,oligandra,Salicaceae,0.6017,family,0
zamiel,Zamia,elegantissimia,Zamiaceae,0.5141,plot mean,0
zantbe,Zanthoxylum,ekmanii,Rutaceae,0.5784,genus,0
zantp1,Zanthoxylum,panamense,Rutaceae,0.4900,species,1
zantpr,Zanthoxylum,acuminatum,Rutaceae,0.5784,genus,0
zantse,Zanthoxylum,setulosum,Rutaceae,0.4690,species,2
zizici,Ziziphus,chloroxylon,Rhamnaceae,0.8383,genus,0
zuelgu,Zuelania,guidonia,Salicaceae,0.5630,species,1
zygi1,Zygia,sp.1,Fabaceae,0.7176,genus,0
zygi2,Zygia,sp.2,Fabaceae,0.7176,genus,0
