year,pft,dbh_class,stems,basal_area,agb
1985,1,1,132.76,0.0143668,0.000641732
1985,1,2,87.28,0.0696877,0.00608221
1985,1,5,63.78,0.265597,0.0343624
1985,1,10,51.62,0.789692,0.140304
1985,1,20,24.54,2.05408,0.543275
1985,1,50,8.14,2.88289,1.01088
1985,1,100,2.54,4.50615,1.95622
1985,2,1,543,0.063307,0.00415445
1985,2,2,405.02,0.280756,0.0324602
1985,2,5,134.76,0.515884,0.0945736
1985,2,10,74.84,1.18459,0.30923
1985,2,20,52.68,4.0914,1.51984
1985,2,50,9.72,3.12894,1.44429
1985,2,100,0.38,0.528191,0.284943
1985,3,1,1447.4,0.170939,0.0149784
1985,3,2,1243.6,0.864994,0.131774
1985,3,5,369.36,1.40436,0.333717
1985,3,10,134.16,1.90865,0.638421
1985,3,20,48.98,3.57056,1.73654
1985,3,50,6.2,2.07026,1.36987
1985,3,100,0.56,0.721935,0.603042
1990,1,1,86.72,0.0132731,0.000678663
1990,1,2,77.98,0.0684142,0.00620099
1990,1,5,61.2,0.25783,0.0335539
1990,1,10,50.26,0.756733,0.135195
1990,1,20,24.32,2.03386,0.536371
1990,1,50,8.62,3.18271,1.13671
1990,1,100,2.3,3.97913,1.71117
1990,2,1,507.92,0.0822739,0.00596723
1990,2,2,445.46,0.344143,0.0408569
1990,2,5,147.1,0.559748,0.102079
1990,2,10,77.8,1.23442,0.322995
1990,2,20,54.18,4.15828,1.54533
1990,2,50,10.2,3.27778,1.50212
1990,2,100,0.24,0.209813,0.111569
1990,3,1,1400.84,0.230401,0.0222968
1990,3,2,1339.4,1.02336,0.159676
1990,3,5,388.98,1.49744,0.355781
1990,3,10,141.5,1.99021,0.664135
1990,3,20,48.92,3.4952,1.69298
1990,3,50,5.8,2.01195,1.35014
1990,3,100,0.6,0.650883,0.527674
1995,1,1,51.26,0.00832676,0.000451105
1995,1,2,67.54,0.0593781,0.00543662
1995,1,5,56.02,0.236708,0.0310392
1995,1,10,47.86,0.722241,0.129078
1995,1,20,24.44,2.05556,0.542874
1995,1,50,8.9,3.26126,1.15925
1995,1,100,2.34,3.92236,1.6853
1995,2,1,439.26,0.070932,0.0051493
1995,2,2,410.88,0.32183,0.0384357
1995,2,5,144.62,0.546922,0.0996597
1995,2,10,79.58,1.25674,0.328623
1995,2,20,56.3,4.32261,1.60784
1995,2,50,9.68,3.05715,1.39562
1995,2,100,0.2,0.179602,0.0980461
1995,3,1,1300.06,0.213153,0.0206209
1995,3,2,1287.78,0.982287,0.15326
1995,3,5,394.34,1.50949,0.358212
1995,3,10,145.2,2.03536,0.679368
1995,3,20,48.18,3.42093,1.6585
1995,3,50,5.84,2.03749,1.36877
1995,3,100,0.6,0.632799,0.513744
2000,1,1,45.1,0.00749882,0.000405189
2000,1,2,62.8,0.0546011,0.00494844
2000,1,5,50.34,0.211923,0.0276878
2000,1,10,43.68,0.652444,0.115412
2000,1,20,24.2,2.03659,0.541802
2000,1,50,9.2,3.37991,1.19278
2000,1,100,2.42,4.08946,1.76304
2000,2,1,373.28,0.0620541,0.00454246
2000,2,2,381.96,0.298907,0.0357379
2000,2,5,137.14,0.519572,0.0950811
2000,2,10,75.6,1.19688,0.313286
2000,2,20,57.36,4.45251,1.66267
2000,2,50,9.94,3.15353,1.44449
2000,2,100,0.2,0.202715,0.108056
2000,3,1,1139.12,0.193071,0.0188596
2000,3,2,1272.04,0.973116,0.151912
2000,3,5,389.96,1.49324,0.354462
2000,3,10,146.9,2.04707,0.682075
2000,3,20,48.24,3.40449,1.65289
2000,3,50,5.78,2.00958,1.35193
2000,3,100,0.58,0.6442,0.526756
2005,1,1,53.92,0.00866087,0.000450794
2005,1,2,65.56,0.0553175,0.00490183
2005,1,5,48.52,0.203484,0.0264315
2005,1,10,42.02,0.629639,0.110583
2005,1,20,23.72,2.00535,0.531274
2005,1,50,9.5,3.49665,1.24057
2005,1,100,2.42,4.24871,1.85042
2005,2,1,360,0.0584204,0.00425206
2005,2,2,365.12,0.283015,0.0337508
2005,2,5,133,0.502041,0.0919627
2005,2,10,72.12,1.1452,0.300516
2005,2,20,57.82,4.51734,1.68712
2005,2,50,9.3,2.92615,1.34297
2005,2,100,0.06,0.0606078,0.0331599
2005,3,1,1065.32,0.178054,0.0173822
2005,3,2,1264.62,0.965967,0.151066
2005,3,5,394.56,1.5101,0.358753
2005,3,10,147.52,2.07201,0.692605
2005,3,20,46.32,3.23974,1.57492
2005,3,50,5.66,1.98235,1.34187
2005,3,100,0.58,0.647889,0.527976
2010,1,1,52.78,0.00868407,0.000454264
2010,1,2,67.34,0.0572317,0.00509169
2010,1,5,46.72,0.195686,0.0253498
2010,1,10,42.24,0.639276,0.111261
2010,1,20,22.8,1.93016,0.511151
2010,1,50,9.66,3.58974,1.28194
2010,1,100,2.44,4.2705,1.851
2010,2,1,383.64,0.0628251,0.00458644
2010,2,2,376.98,0.293862,0.0350953
2010,2,5,137.38,0.518993,0.0950694
2010,2,10,70.54,1.12075,0.294102
2010,2,20,57.6,4.48667,1.67134
2010,2,50,9.34,2.91759,1.34114
2010,2,100,0.04,0.0341291,0.0180891
2010,3,1,1015.36,0.172604,0.016994
2010,3,2,1249.38,0.969339,0.152496
2010,3,5,399.56,1.52024,0.360975
2010,3,10,150.5,2.1036,0.702232
2010,3,20,44.94,3.08819,1.5003
2010,3,50,5.38,1.90799,1.29137
2010,3,100,0.56,0.627716,0.516631
